fromId,toId
1001,10001
1002,10030
1002,10059
1003,10088
1003,10117
1004,10146
1004,10175
1005,10204
1005,10233
1006,10262
1006,10291
1007,10320
1007,10349
1008,10378
1008,10407
1009,10436
1009,10465
1010,10494
1010,10523
1011,10552
1011,10581
1012,10610
1012,10639
1013,10668
1013,10697
1014,10726
1014,10755
1015,10784
1015,10813
1016,10842
1016,10871
1017,10900
1017,10929
1018,10958
1018,10987
1019,11016
1019,11045
1020,11074
1020,11103
1021,11132
1021,11161
1022,11190
1022,11219
1023,11248
1023,11277
1024,11306
1024,11335
1025,11364
1025,11393
1026,11422
1026,11451
1027,11480
1027,11509
1028,11538
1028,11567
1029,11596
1029,11625
1030,11654
1030,11683
1031,11712
1031,11741
1032,11770
1032,11799
1033,11828
1033,11857
1034,11886
1034,11915
1035,11944
1036,11973
1036,12002
1037,12031
1037,12060
1038,12089
1038,12118
1039,12147
1039,12176
1040,12205
1040,12234
1041,12263
1042,12292
1042,12321
1043,12350
1043,12379
1044,12408
1044,12437
1045,12466
1045,12495
1046,12524
1047,12553
1047,12582
1048,12611
1048,12640
1049,12669
1049,12698
1050,12727
1050,12756
1051,12785
1051,12814
1052,12843
1052,12872
1053,12901
1053,12930
1054,12959
1054,12988
1055,13017
1055,13046
1056,13075
1056,13104
1057,13133
1058,13162
1058,13191
1059,13220
1059,13249
1060,13278
1060,13307
1061,13336
1061,13365
1062,13394
1062,13423
1063,13452
1063,13481
1064,13510
1064,13539
1065,13568
1065,13597
1066,13626
1066,13655
1067,13684
1067,13713
1068,13742
1068,13771
1069,13800
1069,13829
1070,13858
1070,13887
1071,13916
1071,13945
1072,13974
1072,14003
1073,14032
1073,14061
1074,14090
1074,14119
1075,14148
1075,14209
1076,14270
1076,14329
1077,14388
1077,14445
1078,14502
1078,14563
1079,14624
1079,14685
1080,14746
1080,14805
1081,14866
1081,14927
1082,14987
1082,15048
1083,15109
1083,15170
1084,15231
1084,15290
1085,15349
1085,15410
1086,15471
1086,15530
1087,15589
1087,15650
1088,15711
1088,15772
1089,15833
1089,15894
1090,15955
1090,16014
1091,16073
1091,16133
1092,16249
1093,16307
1093,16367
1094,16427
1094,16488
1095,16549
1095,16609
1096,16670
1096,16731
1098,16910
1098,16971
1099,17031
1099,17091
1100,17152
1100,17213
1101,17274
1101,17333
1103,17512
1103,17573
1104,17634
1104,17695
1105,17756
1105,17813
1106,17870
1106,17931
1107,17992
1107,18050
1108,18109
1108,18170
1109,18231
1109,18292
1110,18351
1110,18412
1111,18473
1111,18531
1112,18590
1112,18649
1113,18708
1113,18769
1114,18830
1114,18890
1115,18949
1115,19009
1116,19069
1116,19127
1117,19187
1117,19247
1118,19304
1118,19364
1119,19424
1119,19484
1120,19545
1120,19605
1121,19665
1121,19726
1122,19787
1122,19848
1123,19909
1123,19970
1124,20030
1124,20089
1125,20148
1125,20207
1126,20266
1126,20327
1128,20501
1128,20560
1129,20619
1129,20680
1130,20741
1130,20801
1131,20862
1131,20922
1132,21042
1133,21102
1133,21161
1134,21220
1134,21278
1135,21336
1135,21396
1136,21457
1136,21515
1137,21574
1137,21634
1138,21694
1138,21754
1139,21814
1139,21875
1140,21936
1140,21994
1141,22053
1141,22113
1142,22173
1142,22232
1143,22291
1143,22352
1144,22413
1144,22472
1145,22531
1145,22590
1146,22648
1146,22709
1147,22770
1147,22831
1148,22892
1148,22953
1149,23014
1149,23075
1151,23256
1151,23317
1152,23377
1153,23495
1153,23554
1154,23613
1154,23674
1155,23733
1155,23792
1156,23851
1157,23971
1157,24029
1158,24087
1158,24148
1159,24209
1159,24270
1160,24330
1160,24391
1161,24452
1161,24511
1162,24570
1162,24629
1163,24689
1163,24750
1164,24811
1164,24868
1165,24926
1165,24984
1166,25042
1166,25101
1001,10003
1002,10032
1002,10061
1003,10090
1003,10119
1004,10148
1004,10177
1005,10206
1005,10235
1006,10264
1006,10293
1007,10322
1007,10351
1008,10380
1008,10409
1009,10438
1009,10467
1010,10496
1010,10525
1011,10554
1011,10583
1012,10612
1012,10641
1013,10670
1013,10699
1014,10728
1014,10757
1015,10786
1015,10815
1016,10844
1016,10873
1017,10902
1017,10931
1018,10960
1018,10989
1019,11018
1019,11047
1020,11076
1020,11105
1021,11134
1021,11163
1022,11192
1022,11221
1023,11250
1023,11279
1024,11308
1024,11337
1025,11366
1025,11395
1026,11424
1026,11453
1027,11482
1027,11511
1028,11540
1028,11569
1029,11598
1029,11627
1030,11656
1030,11685
1031,11714
1031,11743
1032,11772
1032,11801
1033,11830
1033,11859
1034,11888
1034,11917
1035,11946
1036,11975
1036,12004
1037,12033
1037,12062
1038,12091
1038,12120
1039,12149
1039,12178
1040,12207
1040,12236
1041,12265
1042,12294
1042,12323
1043,12352
1043,12381
1044,12410
1044,12439
1045,12468
1045,12497
1046,12526
1047,12555
1047,12584
1048,12613
1048,12642
1049,12671
1049,12700
1050,12729
1050,12758
1051,12787
1051,12816
1052,12845
1052,12874
1053,12903
1053,12932
1054,12961
1054,12990
1055,13019
1055,13048
1056,13077
1056,13106
1057,13135
1058,13164
1058,13193
1059,13222
1059,13251
1060,13280
1060,13309
1061,13338
1061,13367
1062,13396
1062,13425
1063,13454
1063,13483
1064,13512
1064,13541
1065,13570
1065,13599
1066,13628
1066,13657
1067,13686
1067,13715
1068,13744
1068,13773
1069,13802
1069,13831
1070,13860
1070,13889
1071,13918
1071,13947
1072,13976
1072,14005
1073,14034
1073,14063
1074,14092
1074,14121
1075,14149
1075,14210
1076,14271
1076,14330
1077,14389
1077,14446
1078,14503
1078,14564
1079,14625
1079,14686
1080,14747
1080,14806
1081,14867
1081,14928
1082,14988
1082,15049
1083,15110
1083,15171
1084,15232
1084,15291
1085,15350
1085,15411
1086,15472
1086,15531
1087,15590
1087,15651
1088,15712
1088,15773
1089,15834
1089,15895
1090,15956
1090,16015
1091,16074
1091,16134
1092,16193
1092,16250
1093,16308
1093,16368
1094,16428
1094,16489
1095,16550
1095,16610
1096,16671
1096,16732
1097,16792
1097,16851
1098,16911
1098,16972
1099,17032
1099,17092
1100,17153
1100,17214
1101,17275
1101,17334
1102,17392
1102,17452
1103,17513
1103,17574
1104,17635
1104,17696
1105,17757
1105,17814
1106,17871
1106,17932
1108,18110
1108,18171
1109,18232
1109,18293
1110,18352
1110,18413
1111,18474
1111,18532
1112,18591
1112,18650
1113,18709
1113,18770
1114,18831
1114,18891
1115,18950
1115,19010
1116,19070
1116,19128
1117,19188
1117,19248
1118,19305
1118,19365
1119,19425
1119,19485
1120,19546
1120,19606
1121,19666
1121,19727
1122,19788
1122,19849
1123,19910
1123,19971
1124,20031
1124,20090
1125,20149
1125,20208
1126,20267
1126,20328
1127,20388
1127,20445
1128,20502
1128,20561
1129,20620
1129,20681
1130,20742
1130,20802
1131,20863
1131,20923
1132,20983
1132,21043
1133,21103
1133,21162
1134,21221
1134,21279
1135,21337
1135,21397
1136,21458
1136,21516
1137,21575
1137,21635
1138,21695
1138,21755
1139,21815
1139,21876
1140,21937
1140,21995
1141,22054
1141,22114
1142,22174
1142,22233
1143,22292
1143,22353
1144,22414
1144,22473
1145,22532
1145,22591
1146,22649
1146,22710
1147,22771
1147,22832
1148,22893
1148,22954
1149,23015
1149,23076
1150,23136
1150,23196
1151,23257
1151,23318
1152,23378
1152,23438
1153,23496
1153,23555
1154,23614
1154,23675
1155,23734
1155,23793
1156,23852
1156,23912
1157,23972
1157,24030
1158,24088
1158,24149
1159,24210
1159,24271
1160,24331
1160,24392
1161,24453
1161,24512
1162,24571
1162,24630
1163,24690
1163,24751
1164,24812
1164,24869
1165,24927
1165,24985
1166,25043
1166,25102
1001,10004
1002,10033
1002,10062
1003,10091
1003,10120
1004,10149
1004,10178
1005,10207
1005,10236
1006,10265
1006,10294
1007,10323
1007,10352
1008,10381
1008,10410
1009,10439
1009,10468
1010,10497
1010,10526
1011,10555
1011,10584
1012,10613
1012,10642
1013,10671
1013,10700
1014,10729
1014,10758
1015,10787
1015,10816
1016,10845
1016,10874
1017,10903
1017,10932
1018,10961
1018,10990
1019,11019
1019,11048
1020,11077
1020,11106
1021,11135
1021,11164
1022,11193
1022,11222
1023,11251
1023,11280
1024,11309
1024,11338
1025,11367
1025,11396
1026,11425
1026,11454
1027,11483
1027,11512
1028,11541
1028,11570
1029,11599
1029,11628
1030,11657
1030,11686
1031,11715
1031,11744
1032,11773
1032,11802
1033,11831
1033,11860
1034,11889
1034,11918
1035,11947
1036,11976
1036,12005
1037,12034
1037,12063
1038,12092
1038,12121
1039,12150
1039,12179
1040,12208
1040,12237
1041,12266
1042,12295
1042,12324
1043,12353
1043,12382
1044,12411
1044,12440
1045,12469
1045,12498
1046,12527
1047,12556
1047,12585
1048,12614
1048,12643
1049,12672
1049,12701
1050,12730
1050,12759
1051,12788
1051,12817
1052,12846
1052,12875
1053,12904
1053,12933
1054,12962
1054,12991
1055,13020
1055,13049
1056,13078
1056,13107
1057,13136
1058,13165
1058,13194
1059,13223
1059,13252
1060,13281
1060,13310
1061,13339
1061,13368
1062,13397
1062,13426
1063,13455
1063,13484
1064,13513
1064,13542
1065,13571
1065,13600
1066,13629
1066,13658
1067,13687
1067,13716
1068,13745
1068,13774
1069,13803
1069,13832
1070,13861
1070,13890
1071,13919
1071,13948
1072,13977
1072,14006
1073,14035
1073,14064
1074,14093
1074,14122
1075,14179
1075,14240
1076,14299
1076,14358
1077,14415
1077,14472
1078,14533
1078,14594
1079,14655
1079,14716
1080,14775
1080,14836
1081,14897
1081,14957
1082,15018
1082,15079
1083,15140
1083,15201
1084,15262
1084,15321
1085,15380
1085,15441
1086,15500
1086,15559
1087,15620
1087,15681
1088,15742
1088,15803
1089,15864
1089,15925
1090,15984
1090,16044
1091,16103
1091,16163
1093,16337
1093,16397
1094,16458
1094,16519
1095,16580
1095,16640
1096,16701
1096,16762
1097,16821
1097,16880
1098,16941
1098,17001
1099,17061
1099,17122
1100,17183
1100,17244
1101,17303
1101,17362
1102,17422
1102,17482
1103,17543
1103,17604
1104,17665
1104,17726
1105,17784
1105,17841
1106,17901
1106,17962
1107,18020
1107,18079
1108,18140
1108,18201
1109,18262
1109,18322
1110,18382
1110,18443
1111,18502
1111,18560
1112,18619
1112,18678
1113,18739
1113,18800
1114,18860
1114,18919
1115,18979
1115,19039
1116,19097
1116,19157
1117,19217
1118,19334
1118,19394
1119,19454
1119,19515
1120,19575
1120,19635
1121,19696
1121,19757
1122,19818
1122,19879
1123,19940
1123,20000
1124,20060
1124,20119
1125,20177
1125,20236
1126,20297
1126,20358
1127,20416
1127,20473
1128,20530
1128,20589
1129,20650
1129,20711
1130,20772
1130,20832
1131,20892
1131,20953
1132,21012
1132,21072
1133,21131
1133,21190
1134,21249
1134,21307
1135,21366
1135,21427
1136,21485
1136,21544
1137,21604
1137,21664
1138,21724
1139,21845
1139,21906
1140,21966
1140,22024
1141,22083
1141,22143
1142,22202
1142,22261
1143,22322
1143,22383
1144,22442
1144,22501
1145,22560
1145,22619
1146,22679
1146,22740
1147,22801
1147,22862
1148,22923
1148,22984
1149,23045
1149,23106
1150,23166
1150,23226
1151,23287
1151,23347
1152,23408
1153,23524
1153,23583
1154,23644
1154,23704
1155,23763
1155,23822
1156,23882
1157,23999
1157,24057
1158,24118
1158,24179
1159,24240
1159,24300
1160,24361
1160,24422
1161,24482
1161,24541
1162,24599
1162,24659
1163,24720
1163,24781
1164,24839
1164,24897
1165,24956
1165,25014
1166,25071
1166,25130
1001,10005
1002,10034
1002,10063
1003,10092
1003,10121
1004,10150
1004,10179
1005,10208
1005,10237
1006,10266
1006,10295
1007,10324
1007,10353
1008,10382
1008,10411
1009,10440
1009,10469
1010,10498
1010,10527
1011,10556
1011,10585
1012,10614
1012,10643
1013,10672
1013,10701
1014,10730
1014,10759
1015,10788
1015,10817
1016,10846
1016,10875
1017,10904
1017,10933
1018,10962
1018,10991
1019,11020
1019,11049
1020,11078
1020,11107
1021,11136
1021,11165
1022,11194
1022,11223
1023,11252
1023,11281
1024,11310
1024,11339
1025,11368
1025,11397
1026,11426
1026,11455
1027,11484
1027,11513
1028,11542
1028,11571
1029,11600
1029,11629
1030,11658
1030,11687
1031,11716
1031,11745
1032,11774
1032,11803
1033,11832
1033,11861
1034,11890
1034,11919
1035,11948
1036,11977
1036,12006
1037,12035
1037,12064
1038,12093
1038,12122
1039,12151
1039,12180
1040,12209
1040,12238
1041,12267
1042,12296
1042,12325
1043,12354
1043,12383
1044,12412
1044,12441
1045,12470
1045,12499
1046,12528
1047,12557
1047,12586
1048,12615
1048,12644
1049,12673
1049,12702
1050,12731
1050,12760
1051,12789
1051,12818
1052,12847
1052,12876
1053,12905
1053,12934
1054,12963
1054,12992
1055,13021
1055,13050
1056,13079
1056,13108
1057,13137
1058,13166
1058,13195
1059,13224
1059,13253
1060,13282
1060,13311
1061,13340
1061,13369
1062,13398
1062,13427
1063,13456
1063,13485
1064,13514
1064,13543
1065,13572
1065,13601
1066,13630
1066,13659
1067,13688
1067,13717
1068,13746
1068,13775
1069,13804
1069,13833
1070,13862
1070,13891
1071,13920
1071,13949
1072,13978
1072,14007
1073,14036
1073,14065
1074,14094
1074,14123
1075,14182
1075,14243
1076,14302
1076,14361
1077,14418
1077,14475
1078,14536
1078,14597
1079,14658
1079,14719
1080,14778
1080,14839
1081,14900
1081,14960
1082,15021
1082,15082
1083,15143
1083,15204
1084,15265
1084,15324
1085,15383
1085,15444
1086,15503
1086,15562
1087,15623
1087,15684
1088,15745
1088,15806
1089,15867
1089,15928
1090,15987
1090,16047
1091,16106
1091,16166
1092,16223
1092,16280
1093,16340
1093,16400
1094,16461
1094,16522
1095,16583
1095,16643
1096,16704
1096,16765
1097,16824
1097,16883
1098,16944
1098,17004
1099,17064
1099,17125
1100,17186
1100,17247
1101,17306
1101,17365
1102,17425
1102,17485
1103,17546
1103,17607
1104,17668
1104,17729
1105,17787
1105,17844
1106,17904
1106,17965
1107,18023
1107,18082
1108,18143
1108,18204
1109,18265
1110,18385
1110,18446
1111,18505
1111,18563
1112,18622
1112,18681
1113,18742
1113,18803
1114,18863
1114,18922
1115,18982
1115,19042
1116,19100
1116,19160
1117,19220
1118,19337
1118,19397
1119,19457
1119,19518
1120,19578
1120,19638
1121,19699
1121,19760
1122,19821
1122,19882
1123,19943
1123,20003
1124,20063
1124,20122
1125,20180
1125,20239
1126,20300
1126,20361
1127,20419
1127,20476
1128,20533
1128,20592
1129,20653
1129,20714
1130,20775
1130,20835
1131,20895
1131,20956
1132,21015
1132,21075
1133,21134
1133,21193
1134,21252
1134,21310
1135,21369
1135,21430
1136,21488
1136,21547
1137,21607
1137,21667
1138,21727
1138,21787
1139,21848
1139,21909
1140,21969
1140,22027
1141,22086
1141,22146
1142,22205
1142,22264
1143,22325
1143,22386
1144,22445
1144,22504
1145,22563
1145,22622
1146,22682
1146,22743
1147,22804
1147,22865
1148,22926
1148,22987
1149,23048
1149,23109
1150,23169
1150,23229
1151,23290
1151,23350
1152,23411
1153,23527
1153,23586
1154,23647
1154,23707
1155,23766
1155,23825
1156,23885
1156,23944
1157,24002
1157,24060
1158,24121
1158,24182
1159,24243
1159,24303
1160,24364
1160,24425
1161,24485
1161,24544
1162,24602
1162,24662
1163,24723
1163,24784
1164,24842
1164,24900
1165,24959
1165,25017
1166,25074
1166,25133
1001,10006
1002,10035
1002,10064
1003,10093
1003,10122
1004,10151
1004,10180
1005,10209
1005,10238
1006,10267
1006,10296
1007,10325
1007,10354
1008,10383
1008,10412
1009,10441
1009,10470
1010,10499
1010,10528
1011,10557
1011,10586
1012,10615
1012,10644
1013,10673
1013,10702
1014,10731
1014,10760
1015,10789
1015,10818
1016,10847
1016,10876
1017,10905
1017,10934
1018,10963
1018,10992
1019,11021
1019,11050
1020,11079
1020,11108
1021,11137
1021,11166
1022,11195
1022,11224
1023,11253
1023,11282
1024,11311
1024,11340
1025,11369
1025,11398
1026,11427
1026,11456
1027,11485
1027,11514
1028,11543
1028,11572
1029,11601
1029,11630
1030,11659
1030,11688
1031,11717
1031,11746
1032,11775
1032,11804
1033,11833
1033,11862
1034,11891
1034,11920
1035,11949
1036,11978
1036,12007
1037,12036
1037,12065
1038,12094
1038,12123
1039,12152
1039,12181
1040,12210
1040,12239
1041,12268
1042,12297
1042,12326
1043,12355
1043,12384
1044,12413
1044,12442
1045,12471
1045,12500
1046,12529
1047,12558
1047,12587
1048,12616
1048,12645
1049,12674
1049,12703
1050,12732
1050,12761
1051,12790
1051,12819
1052,12848
1052,12877
1053,12906
1053,12935
1054,12964
1054,12993
1055,13022
1055,13051
1056,13080
1056,13109
1057,13138
1058,13167
1058,13196
1059,13225
1059,13254
1060,13283
1060,13312
1061,13341
1061,13370
1062,13399
1062,13428
1063,13457
1063,13486
1064,13515
1064,13544
1065,13573
1065,13602
1066,13631
1066,13660
1067,13689
1067,13718
1068,13747
1068,13776
1069,13805
1069,13834
1070,13863
1070,13892
1071,13921
1071,13950
1072,13979
1072,14008
1073,14037
1073,14066
1074,14095
1074,14124
1075,14150
1075,14211
1076,14272
1076,14331
1077,14390
1077,14447
1078,14504
1078,14565
1079,14626
1079,14687
1080,14748
1080,14807
1081,14868
1081,14929
1082,14989
1082,15050
1083,15111
1083,15172
1084,15233
1084,15292
1085,15351
1085,15412
1087,15591
1087,15652
1088,15713
1088,15774
1089,15835
1089,15896
1090,15957
1090,16016
1091,16075
1091,16135
1092,16194
1092,16251
1093,16309
1093,16369
1094,16429
1094,16490
1095,16551
1095,16611
1096,16672
1096,16733
1097,16793
1097,16852
1098,16912
1098,16973
1099,17033
1099,17093
1100,17154
1100,17215
1101,17276
1101,17335
1102,17393
1102,17453
1103,17514
1103,17575
1104,17636
1104,17697
1105,17758
1105,17815
1106,17872
1106,17933
1107,17993
1107,18051
1108,18111
1108,18172
1109,18233
1109,18294
1110,18353
1110,18414
1111,18475
1111,18533
1112,18592
1112,18651
1113,18710
1113,18771
1114,18832
1114,18892
1115,18951
1115,19011
1116,19071
1116,19129
1117,19189
1117,19249
1118,19306
1118,19366
1119,19426
1119,19486
1120,19547
1120,19607
1121,19667
1121,19728
1122,19789
1122,19850
1123,19911
1123,19972
1124,20032
1124,20091
1125,20150
1125,20209
1126,20268
1126,20329
1127,20389
1127,20446
1128,20503
1128,20562
1129,20621
1129,20682
1130,20743
1130,20803
1131,20864
1131,20924
1132,20984
1132,21044
1133,21104
1133,21163
1134,21222
1134,21280
1135,21338
1135,21398
1136,21459
1136,21517
1137,21576
1137,21636
1138,21696
1138,21756
1139,21816
1139,21877
1140,21938
1140,21996
1141,22055
1141,22115
1142,22175
1142,22234
1143,22293
1143,22354
1145,22533
1145,22592
1146,22650
1146,22711
1147,22772
1147,22833
1148,22894
1148,22955
1149,23016
1149,23077
1150,23137
1150,23197
1151,23258
1151,23319
1152,23379
1152,23439
1153,23497
1153,23556
1154,23615
1154,23676
1155,23735
1155,23794
1156,23853
1156,23913
1157,23973
1157,24031
1158,24089
1158,24150
1159,24211
1159,24272
1160,24332
1160,24393
1161,24454
1161,24513
1162,24572
1162,24631
1163,24691
1163,24752
1164,24813
1164,24870
1165,24928
1165,24986
1166,25044
1166,25103
1001,10007
1002,10036
1002,10065
1003,10094
1003,10123
1004,10152
1004,10181
1005,10210
1005,10239
1006,10268
1006,10297
1007,10326
1007,10355
1008,10384
1008,10413
1009,10442
1009,10471
1010,10500
1010,10529
1011,10558
1011,10587
1012,10616
1012,10645
1013,10674
1013,10703
1014,10732
1014,10761
1015,10790
1015,10819
1016,10848
1016,10877
1017,10906
1017,10935
1018,10964
1018,10993
1019,11022
1019,11051
1020,11080
1020,11109
1021,11138
1021,11167
1022,11196
1022,11225
1023,11254
1023,11283
1024,11312
1024,11341
1025,11370
1025,11399
1026,11428
1026,11457
1027,11486
1027,11515
1028,11544
1028,11573
1029,11602
1029,11631
1030,11660
1030,11689
1031,11718
1031,11747
1032,11776
1032,11805
1033,11834
1033,11863
1034,11892
1034,11921
1035,11950
1036,11979
1036,12008
1037,12037
1037,12066
1038,12095
1038,12124
1039,12153
1039,12182
1040,12211
1040,12240
1041,12269
1042,12298
1042,12327
1043,12356
1043,12385
1044,12414
1044,12443
1045,12472
1045,12501
1046,12530
1047,12559
1047,12588
1048,12617
1048,12646
1049,12675
1049,12704
1050,12733
1050,12762
1051,12791
1051,12820
1052,12849
1052,12878
1053,12907
1053,12936
1054,12965
1054,12994
1055,13023
1055,13052
1056,13081
1056,13110
1057,13139
1058,13168
1058,13197
1059,13226
1059,13255
1060,13284
1060,13313
1061,13342
1061,13371
1062,13400
1062,13429
1063,13458
1063,13487
1064,13516
1064,13545
1065,13574
1065,13603
1066,13632
1066,13661
1067,13690
1067,13719
1068,13748
1068,13777
1069,13806
1069,13835
1070,13864
1070,13893
1071,13922
1071,13951
1072,13980
1072,14009
1073,14038
1073,14067
1074,14096
1074,14125
1075,14151
1075,14212
1076,14273
1076,14332
1077,14391
1077,14448
1078,14505
1078,14566
1079,14627
1079,14688
1080,14749
1080,14808
1081,14869
1081,14930
1082,14990
1082,15051
1083,15112
1083,15173
1084,15234
1084,15293
1085,15352
1085,15413
1086,15473
1086,15532
1087,15592
1087,15653
1088,15714
1088,15775
1089,15836
1089,15897
1090,15958
1090,16017
1091,16076
1091,16136
1092,16195
1092,16252
1093,16310
1093,16370
1094,16430
1094,16491
1095,16552
1095,16612
1096,16673
1096,16734
1097,16794
1097,16853
1098,16913
1098,16974
1099,17034
1099,17094
1100,17155
1100,17216
1101,17277
1101,17336
1102,17394
1102,17454
1103,17515
1103,17576
1104,17637
1104,17698
1105,17759
1105,17816
1106,17873
1106,17934
1107,17994
1107,18052
1108,18112
1108,18173
1109,18234
1109,18295
1110,18354
1110,18415
1111,18476
1111,18534
1112,18593
1112,18652
1113,18711
1113,18772
1114,18833
1114,18893
1115,18952
1115,19012
1116,19072
1116,19130
1117,19190
1117,19250
1118,19307
1118,19367
1119,19427
1119,19487
1120,19548
1120,19608
1121,19668
1121,19729
1122,19790
1122,19851
1123,19912
1123,19973
1124,20033
1124,20092
1125,20151
1125,20210
1126,20269
1126,20330
1127,20390
1127,20447
1128,20504
1128,20563
1129,20622
1129,20683
1130,20744
1130,20804
1131,20865
1131,20925
1132,20985
1132,21045
1133,21105
1133,21164
1134,21223
1134,21281
1135,21339
1135,21399
1136,21460
1136,21518
1137,21577
1137,21637
1138,21697
1138,21757
1139,21817
1139,21878
1140,21939
1140,21997
1141,22056
1141,22116
1142,22176
1142,22235
1143,22294
1143,22355
1144,22415
1144,22474
1145,22534
1145,22593
1146,22651
1146,22712
1147,22773
1147,22834
1148,22895
1148,22956
1149,23017
1149,23078
1150,23138
1150,23198
1151,23259
1151,23320
1152,23380
1152,23440
1153,23498
1153,23557
1154,23616
1154,23677
1155,23736
1155,23795
1156,23854
1156,23914
1157,23974
1157,24032
1158,24090
1158,24151
1159,24212
1159,24273
1160,24333
1160,24394
1161,24455
1161,24514
1162,24573
1162,24632
1163,24692
1163,24753
1164,24814
1164,24871
1165,24929
1165,24987
1166,25045
1166,25104
1001,10008
1002,10037
1002,10066
1003,10095
1003,10124
1004,10153
1004,10182
1005,10211
1005,10240
1006,10269
1006,10298
1007,10327
1007,10356
1008,10385
1008,10414
1009,10443
1009,10472
1010,10501
1010,10530
1011,10559
1011,10588
1012,10617
1012,10646
1013,10675
1013,10704
1014,10733
1014,10762
1015,10791
1015,10820
1016,10849
1016,10878
1017,10907
1017,10936
1018,10965
1018,10994
1019,11023
1019,11052
1020,11081
1020,11110
1021,11139
1021,11168
1022,11197
1022,11226
1023,11255
1023,11284
1024,11313
1024,11342
1025,11371
1025,11400
1026,11429
1026,11458
1027,11487
1027,11516
1028,11545
1028,11574
1029,11603
1029,11632
1030,11661
1030,11690
1031,11719
1031,11748
1032,11777
1032,11806
1033,11835
1033,11864
1034,11893
1034,11922
1035,11951
1036,11980
1036,12009
1037,12038
1037,12067
1038,12096
1038,12125
1039,12154
1039,12183
1040,12212
1040,12241
1041,12270
1042,12299
1042,12328
1043,12357
1043,12386
1044,12415
1044,12444
1045,12473
1045,12502
1046,12531
1047,12560
1047,12589
1048,12618
1048,12647
1049,12676
1049,12705
1050,12734
1050,12763
1051,12792
1051,12821
1052,12850
1052,12879
1053,12908
1053,12937
1054,12966
1054,12995
1055,13024
1055,13053
1056,13082
1056,13111
1057,13140
1058,13169
1058,13198
1059,13227
1059,13256
1060,13285
1060,13314
1061,13343
1061,13372
1062,13401
1062,13430
1063,13459
1063,13488
1064,13517
1064,13546
1065,13575
1065,13604
1066,13633
1066,13662
1067,13691
1067,13720
1068,13749
1068,13778
1069,13807
1069,13836
1070,13865
1070,13894
1071,13923
1071,13952
1072,13981
1072,14010
1073,14039
1073,14068
1074,14097
1074,14126
1075,14152
1075,14213
1076,14274
1076,14333
1077,14392
1077,14449
1078,14506
1078,14567
1079,14628
1079,14689
1080,14750
1080,14809
1081,14870
1081,14931
1082,14991
1082,15052
1083,15113
1083,15174
1084,15235
1084,15294
1085,15353
1085,15414
1086,15474
1086,15533
1087,15593
1087,15654
1088,15715
1088,15776
1089,15837
1089,15898
1090,15959
1090,16018
1091,16077
1091,16137
1092,16196
1092,16253
1093,16311
1093,16371
1094,16431
1094,16492
1095,16553
1095,16613
1096,16674
1096,16735
1097,16795
1097,16854
1098,16914
1098,16975
1099,17035
1099,17095
1100,17156
1100,17217
1101,17278
1101,17337
1102,17395
1102,17455
1103,17516
1103,17577
1104,17638
1104,17699
1106,17874
1106,17935
1107,17995
1107,18053
1108,18113
1108,18174
1109,18235
1109,18296
1110,18355
1110,18416
1111,18477
1111,18535
1112,18594
1112,18653
1113,18712
1113,18773
1114,18834
1114,18894
1115,18953
1115,19013
1116,19073
1116,19131
1117,19191
1117,19251
1118,19308
1118,19368
1119,19428
1119,19488
1120,19549
1120,19609
1121,19669
1121,19730
1122,19791
1122,19852
1123,19913
1123,19974
1124,20034
1124,20093
1125,20152
1125,20211
1126,20270
1126,20331
1127,20391
1127,20448
1128,20505
1128,20564
1129,20623
1129,20684
1130,20745
1130,20805
1131,20866
1131,20926
1132,20986
1132,21046
1133,21106
1133,21165
1134,21224
1134,21282
1135,21340
1135,21400
1136,21461
1136,21519
1137,21578
1137,21638
1138,21698
1138,21758
1139,21818
1139,21879
1140,21940
1140,21998
1141,22057
1141,22117
1142,22177
1142,22236
1143,22295
1143,22356
1144,22416
1144,22475
1145,22535
1145,22594
1146,22652
1146,22713
1147,22774
1147,22835
1148,22896
1148,22957
1149,23018
1149,23079
1150,23139
1150,23199
1151,23260
1151,23321
1152,23381
1152,23441
1153,23499
1153,23558
1154,23617
1155,23737
1155,23796
1156,23855
1156,23915
1158,24091
1158,24152
1159,24213
1159,24274
1160,24334
1160,24395
1161,24456
1161,24515
1162,24574
1162,24633
1163,24693
1163,24754
1164,24815
1164,24872
1165,24930
1165,24988
1166,25046
1166,25105
1001,10009
1002,10038
1002,10067
1003,10096
1003,10125
1004,10154
1004,10183
1005,10212
1005,10241
1006,10270
1006,10299
1007,10328
1007,10357
1008,10386
1008,10415
1009,10444
1009,10473
1010,10502
1010,10531
1011,10560
1011,10589
1012,10618
1012,10647
1013,10676
1013,10705
1014,10734
1014,10763
1015,10792
1015,10821
1016,10850
1016,10879
1017,10908
1017,10937
1018,10966
1018,10995
1019,11024
1019,11053
1020,11082
1020,11111
1021,11140
1021,11169
1022,11198
1022,11227
1023,11256
1023,11285
1024,11314
1024,11343
1025,11372
1025,11401
1026,11430
1026,11459
1027,11488
1027,11517
1028,11546
1028,11575
1029,11604
1029,11633
1030,11662
1030,11691
1031,11720
1031,11749
1032,11778
1032,11807
1033,11836
1033,11865
1034,11894
1034,11923
1035,11952
1036,11981
1036,12010
1037,12039
1037,12068
1038,12097
1038,12126
1039,12155
1039,12184
1040,12213
1040,12242
1041,12271
1042,12300
1042,12329
1043,12358
1043,12387
1044,12416
1044,12445
1045,12474
1045,12503
1046,12532
1047,12561
1047,12590
1048,12619
1048,12648
1049,12677
1049,12706
1050,12735
1050,12764
1051,12793
1051,12822
1052,12851
1052,12880
1053,12909
1053,12938
1054,12967
1054,12996
1055,13025
1055,13054
1056,13083
1056,13112
1057,13141
1058,13170
1058,13199
1059,13228
1059,13257
1060,13286
1060,13315
1061,13344
1061,13373
1062,13402
1062,13431
1063,13460
1063,13489
1064,13518
1064,13547
1065,13576
1065,13605
1066,13634
1066,13663
1067,13692
1067,13721
1068,13750
1068,13779
1069,13808
1069,13837
1070,13866
1070,13895
1071,13924
1071,13953
1072,13982
1072,14011
1073,14040
1073,14069
1074,14098
1074,14127
1075,14153
1075,14214
1076,14275
1076,14334
1077,14393
1077,14450
1078,14507
1078,14568
1079,14629
1079,14690
1080,14751
1080,14810
1081,14871
1081,14932
1082,14992
1082,15053
1083,15114
1083,15175
1084,15236
1084,15295
1085,15354
1085,15415
1086,15475
1086,15534
1087,15594
1087,15655
1088,15716
1088,15777
1089,15838
1089,15899
1090,15960
1090,16019
1091,16078
1091,16138
1092,16197
1092,16254
1093,16312
1093,16372
1094,16432
1094,16493
1095,16554
1095,16614
1096,16675
1096,16736
1097,16796
1097,16855
1098,16915
1098,16976
1099,17036
1099,17096
1100,17157
1100,17218
1101,17279
1101,17338
1102,17396
1102,17456
1103,17517
1103,17578
1104,17639
1104,17700
1105,17760
1105,17817
1106,17875
1106,17936
1107,17996
1107,18054
1108,18114
1108,18175
1109,18236
1109,18297
1110,18356
1110,18417
1111,18478
1111,18536
1112,18595
1112,18654
1113,18713
1113,18774
1114,18835
1114,18895
1115,18954
1115,19014
1116,19074
1116,19132
1117,19192
1117,19252
1118,19309
1118,19369
1119,19429
1119,19489
1120,19550
1120,19610
1121,19670
1121,19731
1122,19792
1122,19853
1123,19914
1123,19975
1124,20035
1124,20094
1125,20153
1125,20212
1126,20271
1126,20332
1127,20392
1127,20449
1128,20506
1128,20565
1129,20624
1129,20685
1130,20746
1130,20806
1131,20867
1131,20927
1132,20987
1132,21047
1133,21107
1133,21166
1134,21225
1134,21283
1135,21341
1135,21401
1136,21462
1136,21520
1137,21579
1137,21639
1138,21699
1138,21759
1139,21819
1139,21880
1140,21941
1140,21999
1141,22058
1141,22118
1142,22178
1142,22237
1143,22296
1143,22357
1144,22417
1144,22476
1145,22536
1145,22595
1146,22653
1146,22714
1147,22775
1147,22836
1148,22897
1148,22958
1149,23019
1149,23080
1150,23140
1150,23200
1151,23261
1151,23322
1152,23382
1152,23442
1153,23500
1153,23559
1154,23618
1154,23678
1155,23738
1155,23797
1156,23856
1156,23916
1157,23975
1157,24033
1158,24092
1158,24153
1159,24214
1159,24275
1160,24335
1160,24396
1161,24457
1161,24516
1162,24575
1162,24634
1163,24694
1163,24755
1164,24816
1164,24873
1165,24931
1165,24989
1166,25047
1166,25106
1001,10010
1002,10039
1002,10068
1003,10097
1003,10126
1004,10155
1004,10184
1005,10213
1005,10242
1006,10271
1006,10300
1007,10329
1007,10358
1008,10387
1008,10416
1009,10445
1009,10474
1010,10503
1010,10532
1011,10561
1011,10590
1012,10619
1012,10648
1013,10677
1013,10706
1014,10735
1014,10764
1015,10793
1015,10822
1016,10851
1016,10880
1017,10909
1017,10938
1018,10967
1018,10996
1019,11025
1019,11054
1020,11083
1020,11112
1021,11141
1021,11170
1022,11199
1022,11228
1023,11257
1023,11286
1024,11315
1024,11344
1025,11373
1025,11402
1026,11431
1026,11460
1027,11489
1027,11518
1028,11547
1028,11576
1029,11605
1029,11634
1030,11663
1030,11692
1031,11721
1031,11750
1032,11779
1032,11808
1033,11837
1033,11866
1034,11895
1034,11924
1035,11953
1036,11982
1036,12011
1037,12040
1037,12069
1038,12098
1038,12127
1039,12156
1039,12185
1040,12214
1040,12243
1041,12272
1042,12301
1042,12330
1043,12359
1043,12388
1044,12417
1044,12446
1045,12475
1045,12504
1046,12533
1047,12562
1047,12591
1048,12620
1048,12649
1049,12678
1049,12707
1050,12736
1050,12765
1051,12794
1051,12823
1052,12852
1052,12881
1053,12910
1053,12939
1054,12968
1054,12997
1055,13026
1055,13055
1056,13084
1056,13113
1057,13142
1058,13171
1058,13200
1059,13229
1059,13258
1060,13287
1060,13316
1061,13345
1061,13374
1062,13403
1062,13432
1063,13461
1063,13490
1064,13519
1064,13548
1065,13577
1065,13606
1066,13635
1066,13664
1067,13693
1067,13722
1068,13751
1068,13780
1069,13809
1069,13838
1070,13867
1070,13896
1071,13925
1071,13954
1072,13983
1072,14012
1073,14041
1073,14070
1074,14099
1074,14128
1075,14154
1075,14215
1076,14276
1076,14335
1077,14394
1077,14451
1078,14508
1078,14569
1079,14630
1079,14691
1080,14752
1080,14811
1081,14872
1081,14933
1082,14993
1082,15054
1083,15115
1083,15176
1084,15237
1084,15296
1085,15355
1085,15416
1086,15476
1086,15535
1087,15595
1087,15656
1088,15717
1088,15778
1089,15839
1089,15900
1090,15961
1090,16020
1091,16079
1091,16139
1092,16198
1092,16255
1093,16313
1093,16373
1094,16433
1094,16494
1095,16555
1095,16615
1096,16676
1096,16737
1097,16797
1097,16856
1098,16916
1098,16977
1099,17037
1099,17097
1100,17158
1100,17219
1101,17280
1101,17339
1102,17397
1102,17457
1103,17518
1103,17579
1104,17640
1104,17701
1105,17761
1105,17818
1106,17876
1106,17937
1107,17997
1107,18055
1108,18115
1108,18176
1109,18237
1110,18357
1110,18418
1111,18479
1111,18537
1112,18596
1112,18655
1113,18714
1113,18775
1114,18836
1114,18896
1115,18955
1115,19015
1116,19075
1116,19133
1117,19193
1117,19253
1118,19310
1118,19370
1119,19430
1119,19490
1120,19551
1120,19611
1121,19671
1121,19732
1122,19793
1122,19854
1123,19915
1123,19976
1124,20036
1124,20095
1125,20154
1125,20213
1126,20272
1126,20333
1128,20507
1128,20566
1129,20625
1129,20686
1130,20747
1130,20807
1131,20868
1131,20928
1132,20988
1132,21048
1133,21108
1133,21167
1135,21342
1135,21402
1136,21463
1136,21521
1137,21580
1137,21640
1138,21700
1138,21760
1139,21820
1139,21881
1140,21942
1140,22000
1141,22059
1141,22119
1142,22179
1142,22238
1143,22297
1143,22358
1144,22418
1144,22477
1145,22537
1145,22596
1146,22654
1146,22715
1147,22776
1147,22837
1148,22898
1148,22959
1149,23020
1149,23081
1150,23141
1150,23201
1151,23262
1151,23323
1152,23383
1152,23443
1153,23501
1153,23560
1154,23619
1154,23679
1155,23739
1155,23798
1156,23857
1156,23917
1157,23976
1157,24034
1158,24093
1158,24154
1159,24215
1159,24276
1160,24336
1160,24397
1161,24458
1161,24517
1162,24576
1162,24635
1163,24695
1163,24756
1164,24817
1164,24874
1165,24932
1165,24990
1166,25048
1166,25107
1001,10011
1002,10040
1002,10069
1003,10098
1003,10127
1004,10156
1004,10185
1005,10214
1005,10243
1006,10272
1006,10301
1007,10330
1007,10359
1008,10388
1008,10417
1009,10446
1009,10475
1010,10504
1010,10533
1011,10562
1011,10591
1012,10620
1012,10649
1013,10678
1013,10707
1014,10736
1014,10765
1015,10794
1015,10823
1016,10852
1016,10881
1017,10910
1017,10939
1018,10968
1018,10997
1019,11026
1019,11055
1020,11084
1020,11113
1021,11142
1021,11171
1022,11200
1022,11229
1023,11258
1023,11287
1024,11316
1024,11345
1025,11374
1025,11403
1026,11432
1026,11461
1027,11490
1027,11519
1028,11548
1028,11577
1029,11606
1029,11635
1030,11664
1030,11693
1031,11722
1031,11751
1032,11780
1032,11809
1033,11838
1033,11867
1034,11896
1034,11925
1035,11954
1036,11983
1036,12012
1037,12041
1037,12070
1038,12099
1038,12128
1039,12157
1039,12186
1040,12215
1040,12244
1041,12273
1042,12302
1042,12331
1043,12360
1043,12389
1044,12418
1044,12447
1045,12476
1045,12505
1046,12534
1047,12563
1047,12592
1048,12621
1048,12650
1049,12679
1049,12708
1050,12737
1050,12766
1051,12795
1051,12824
1052,12853
1052,12882
1053,12911
1053,12940
1054,12969
1054,12998
1055,13027
1055,13056
1056,13085
1056,13114
1057,13143
1058,13172
1058,13201
1059,13230
1059,13259
1060,13288
1060,13317
1061,13346
1061,13375
1062,13404
1062,13433
1063,13462
1063,13491
1064,13520
1064,13549
1065,13578
1065,13607
1066,13636
1066,13665
1067,13694
1067,13723
1068,13752
1068,13781
1069,13810
1069,13839
1070,13868
1070,13897
1071,13926
1071,13955
1072,13984
1072,14013
1073,14042
1073,14071
1074,14100
1074,14129
1075,14155
1075,14216
1076,14277
1076,14336
1077,14395
1077,14452
1078,14509
1078,14570
1079,14631
1079,14692
1080,14753
1080,14812
1081,14873
1081,14934
1082,14994
1082,15055
1083,15116
1083,15177
1084,15238
1084,15297
1085,15356
1085,15417
1086,15477
1086,15536
1087,15596
1087,15657
1088,15718
1088,15779
1089,15840
1089,15901
1090,15962
1090,16021
1091,16080
1091,16140
1092,16199
1092,16256
1093,16314
1093,16374
1094,16434
1094,16495
1095,16556
1095,16616
1096,16677
1096,16738
1097,16798
1097,16857
1098,16917
1098,16978
1099,17038
1099,17098
1100,17159
1100,17220
1101,17281
1101,17340
1102,17398
1102,17458
1103,17519
1103,17580
1104,17641
1104,17702
1105,17762
1105,17819
1106,17877
1106,17938
1107,17998
1107,18056
1108,18116
1108,18177
1109,18238
1109,18298
1110,18358
1110,18419
1111,18480
1111,18538
1112,18597
1112,18656
1113,18715
1113,18776
1114,18837
1114,18897
1115,18956
1115,19016
1116,19076
1116,19134
1117,19194
1117,19254
1118,19311
1118,19371
1119,19431
1119,19491
1120,19552
1120,19612
1121,19672
1121,19733
1122,19794
1122,19855
1123,19916
1123,19977
1124,20037
1124,20096
1125,20155
1125,20214
1126,20273
1126,20334
1127,20393
1127,20450
1128,20508
1128,20567
1129,20626
1129,20687
1130,20748
1130,20808
1131,20869
1131,20929
1132,20989
1132,21049
1133,21109
1133,21168
1134,21226
1134,21284
1135,21343
1135,21403
1136,21464
1136,21522
1137,21581
1137,21641
1138,21701
1138,21761
1139,21821
1139,21882
1140,21943
1140,22001
1141,22060
1141,22120
1142,22180
1142,22239
1143,22298
1143,22359
1144,22419
1144,22478
1145,22538
1145,22597
1146,22655
1146,22716
1147,22777
1147,22838
1148,22899
1148,22960
1149,23021
1149,23082
1150,23142
1150,23202
1151,23263
1151,23324
1152,23384
1152,23444
1153,23502
1153,23561
1154,23620
1154,23680
1155,23740
1155,23799
1156,23858
1156,23918
1157,23977
1157,24035
1158,24094
1158,24155
1159,24216
1160,24337
1160,24398
1161,24459
1161,24518
1162,24577
1162,24636
1163,24696
1163,24757
1165,24933
1165,24991
1166,25049
1166,25108
1001,10012
1002,10041
1002,10070
1003,10099
1003,10128
1004,10157
1004,10186
1005,10215
1005,10244
1006,10273
1006,10302
1007,10331
1007,10360
1008,10389
1008,10418
1009,10447
1009,10476
1010,10505
1010,10534
1011,10563
1011,10592
1012,10621
1012,10650
1013,10679
1013,10708
1014,10737
1014,10766
1015,10795
1015,10824
1016,10853
1016,10882
1017,10911
1017,10940
1018,10969
1018,10998
1019,11027
1019,11056
1020,11085
1020,11114
1021,11143
1021,11172
1022,11201
1022,11230
1023,11259
1023,11288
1024,11317
1024,11346
1025,11375
1025,11404
1026,11433
1026,11462
1027,11491
1027,11520
1028,11549
1028,11578
1029,11607
1029,11636
1030,11665
1030,11694
1031,11723
1031,11752
1032,11781
1032,11810
1033,11839
1033,11868
1034,11897
1034,11926
1035,11955
1036,11984
1036,12013
1037,12042
1037,12071
1038,12100
1038,12129
1039,12158
1039,12187
1040,12216
1040,12245
1041,12274
1042,12303
1042,12332
1043,12361
1043,12390
1044,12419
1044,12448
1045,12477
1045,12506
1046,12535
1047,12564
1047,12593
1048,12622
1048,12651
1049,12680
1049,12709
1050,12738
1050,12767
1051,12796
1051,12825
1052,12854
1052,12883
1053,12912
1053,12941
1054,12970
1054,12999
1055,13028
1055,13057
1056,13086
1056,13115
1057,13144
1058,13173
1058,13202
1059,13231
1059,13260
1060,13289
1060,13318
1061,13347
1061,13376
1062,13405
1062,13434
1063,13463
1063,13492
1064,13521
1064,13550
1065,13579
1065,13608
1066,13637
1066,13666
1067,13695
1067,13724
1068,13753
1068,13782
1069,13811
1069,13840
1070,13869
1070,13898
1071,13927
1071,13956
1072,13985
1072,14014
1073,14043
1073,14072
1074,14101
1074,14130
1075,14158
1075,14219
1076,14279
1076,14338
1077,14397
1077,14454
1078,14512
1078,14573
1079,14634
1079,14695
1080,14756
1080,14815
1081,14876
1081,14936
1082,14997
1082,15058
1083,15119
1083,15180
1084,15241
1084,15300
1085,15359
1085,15420
1086,15479
1086,15538
1087,15599
1087,15660
1088,15721
1088,15782
1089,15843
1089,15904
1090,15965
1090,16024
1091,16083
1091,16143
1092,16202
1092,16259
1093,16317
1093,16377
1094,16437
1094,16498
1095,16559
1095,16619
1096,16680
1096,16741
1097,16801
1097,16860
1098,16920
1098,16981
1099,17041
1099,17101
1100,17162
1100,17223
1101,17284
1101,17343
1102,17401
1102,17461
1103,17522
1103,17583
1104,17644
1104,17705
1105,17764
1105,17821
1106,17880
1106,17941
1107,18001
1107,18059
1108,18119
1108,18180
1109,18241
1109,18301
1110,18361
1110,18422
1111,18483
1111,18541
1112,18600
1112,18659
1113,18718
1113,18779
1114,18840
1114,18900
1115,18959
1115,19019
1116,19078
1116,19136
1117,19197
1117,19257
1118,19314
1118,19374
1119,19434
1119,19494
1120,19555
1120,19615
1121,19675
1121,19736
1122,19797
1122,19858
1123,19919
1123,19980
1124,20039
1124,20098
1125,20158
1125,20217
1126,20276
1126,20337
1128,20511
1128,20570
1129,20629
1129,20690
1130,20751
1130,20811
1131,20872
1131,20932
1132,20992
1132,21052
1133,21112
1133,21171
1135,21346
1135,21406
1136,21525
1137,21584
1137,21644
1138,21704
1138,21764
1139,21824
1139,21885
1140,21946
1140,22004
1141,22063
1141,22123
1142,22183
1142,22242
1143,22301
1143,22362
1144,22422
1144,22481
1145,22541
1145,22600
1146,22658
1146,22719
1147,22780
1147,22841
1148,22902
1148,22963
1149,23024
1149,23085
1150,23145
1150,23205
1151,23266
1151,23327
1152,23387
1152,23447
1153,23505
1153,23564
1154,23623
1154,23683
1155,23742
1155,23801
1156,23861
1156,23921
1157,23980
1157,24038
1158,24097
1158,24158
1159,24219
1159,24279
1160,24340
1160,24401
1161,24462
1161,24521
1162,24580
1162,24639
1163,24699
1163,24760
1165,24936
1165,24994
1166,25052
1166,25111
1001,10014
1002,10043
1002,10072
1003,10101
1003,10130
1004,10159
1004,10188
1005,10217
1005,10246
1006,10275
1006,10304
1007,10333
1007,10362
1008,10391
1008,10420
1009,10449
1009,10478
1010,10507
1010,10536
1011,10565
1011,10594
1012,10623
1012,10652
1013,10681
1013,10710
1014,10739
1014,10768
1015,10797
1015,10826
1016,10855
1016,10884
1017,10913
1017,10942
1018,10971
1018,11000
1019,11029
1019,11058
1020,11087
1020,11116
1021,11145
1021,11174
1022,11203
1022,11232
1023,11261
1023,11290
1024,11319
1024,11348
1025,11377
1025,11406
1026,11435
1026,11464
1027,11493
1027,11522
1028,11551
1028,11580
1029,11609
1029,11638
1030,11667
1030,11696
1031,11725
1031,11754
1032,11783
1032,11812
1033,11841
1033,11870
1034,11899
1034,11928
1035,11957
1036,11986
1036,12015
1037,12044
1037,12073
1038,12102
1038,12131
1039,12160
1039,12189
1040,12218
1040,12247
1041,12276
1042,12305
1042,12334
1043,12363
1043,12392
1044,12421
1044,12450
1045,12479
1045,12508
1046,12537
1047,12566
1047,12595
1048,12624
1048,12653
1049,12682
1049,12711
1050,12740
1050,12769
1051,12798
1051,12827
1052,12856
1052,12885
1053,12914
1053,12943
1054,12972
1054,13001
1055,13030
1055,13059
1056,13088
1056,13117
1057,13146
1058,13175
1058,13204
1059,13233
1059,13262
1060,13291
1060,13320
1061,13349
1061,13378
1062,13407
1062,13436
1063,13465
1063,13494
1064,13523
1064,13552
1065,13581
1065,13610
1066,13639
1066,13668
1067,13697
1067,13726
1068,13755
1068,13784
1069,13813
1069,13842
1070,13871
1070,13900
1071,13929
1071,13958
1072,13987
1072,14016
1073,14045
1073,14074
1074,14103
1074,14132
1075,14160
1075,14221
1076,14281
1076,14340
1077,14398
1077,14455
1078,14514
1078,14575
1079,14636
1079,14697
1080,14757
1080,14817
1081,14878
1081,14938
1082,14999
1082,15060
1083,15121
1083,15182
1084,15243
1084,15302
1085,15361
1085,15422
1086,15481
1086,15540
1087,15601
1087,15662
1088,15723
1088,15784
1089,15845
1089,15906
1090,15966
1090,16025
1091,16085
1091,16145
1092,16204
1092,16261
1093,16319
1093,16379
1094,16439
1094,16500
1095,16561
1095,16621
1096,16682
1096,16743
1097,16803
1097,16862
1098,16922
1098,16983
1099,17043
1099,17103
1100,17164
1100,17225
1101,17286
1101,17345
1102,17403
1102,17463
1103,17524
1103,17585
1104,17646
1104,17707
1105,17766
1105,17823
1106,17882
1106,17943
1107,18003
1107,18061
1108,18121
1108,18182
1109,18243
1109,18303
1110,18363
1110,18424
1111,18484
1111,18542
1112,18601
1112,18660
1113,18720
1113,18781
1114,18842
1114,18902
1115,18961
1115,19021
1116,19080
1116,19138
1117,19199
1117,19259
1118,19316
1118,19376
1119,19435
1119,19496
1120,19556
1120,19616
1121,19677
1121,19738
1122,19799
1122,19860
1123,19921
1123,19982
1124,20041
1124,20100
1125,20159
1125,20218
1126,20278
1126,20339
1127,20397
1127,20454
1128,20512
1128,20571
1129,20631
1129,20692
1130,20753
1130,20813
1131,20873
1131,20934
1132,20994
1132,21054
1133,21113
1133,21172
1134,21230
1134,21288
1135,21347
1135,21408
1136,21467
1136,21526
1137,21586
1137,21646
1138,21706
1138,21766
1139,21826
1139,21887
1140,21948
1140,22006
1141,22065
1141,22125
1142,22184
1142,22243
1143,22303
1143,22364
1144,22424
1144,22483
1145,22542
1145,22601
1146,22660
1146,22721
1147,22782
1147,22843
1148,22904
1148,22965
1149,23026
1149,23087
1150,23147
1150,23207
1151,23268
1151,23329
1152,23389
1152,23449
1153,23506
1153,23565
1154,23625
1154,23685
1155,23744
1155,23803
1156,23863
1156,23923
1157,23982
1157,24040
1158,24099
1158,24160
1159,24221
1159,24281
1160,24342
1160,24403
1161,24463
1161,24522
1162,24581
1162,24641
1163,24701
1163,24762
1164,24821
1164,24878
1165,24938
1165,24996
1166,25053
1166,25112
1001,10015
1002,10044
1002,10073
1003,10102
1003,10131
1004,10160
1004,10189
1005,10218
1005,10247
1006,10276
1006,10305
1007,10334
1007,10363
1008,10392
1008,10421
1009,10450
1009,10479
1010,10508
1010,10537
1011,10566
1011,10595
1012,10624
1012,10653
1013,10682
1013,10711
1014,10740
1014,10769
1015,10798
1015,10827
1016,10856
1016,10885
1017,10914
1017,10943
1018,10972
1018,11001
1019,11030
1019,11059
1020,11088
1020,11117
1021,11146
1021,11175
1022,11204
1022,11233
1023,11262
1023,11291
1024,11320
1024,11349
1025,11378
1025,11407
1026,11436
1026,11465
1027,11494
1027,11523
1028,11552
1028,11581
1029,11610
1029,11639
1030,11668
1030,11697
1031,11726
1031,11755
1032,11784
1032,11813
1033,11842
1033,11871
1034,11900
1034,11929
1035,11958
1036,11987
1036,12016
1037,12045
1037,12074
1038,12103
1038,12132
1039,12161
1039,12190
1040,12219
1040,12248
1041,12277
1042,12306
1042,12335
1043,12364
1043,12393
1044,12422
1044,12451
1045,12480
1045,12509
1046,12538
1047,12567
1047,12596
1048,12625
1048,12654
1049,12683
1049,12712
1050,12741
1050,12770
1051,12799
1051,12828
1052,12857
1052,12886
1053,12915
1053,12944
1054,12973
1054,13002
1055,13031
1055,13060
1056,13089
1056,13118
1057,13147
1058,13176
1058,13205
1059,13234
1059,13263
1060,13292
1060,13321
1061,13350
1061,13379
1062,13408
1062,13437
1063,13466
1063,13495
1064,13524
1064,13553
1065,13582
1065,13611
1066,13640
1066,13669
1067,13698
1067,13727
1068,13756
1068,13785
1069,13814
1069,13843
1070,13872
1070,13901
1071,13930
1071,13959
1072,13988
1072,14017
1073,14046
1073,14075
1074,14104
1074,14133
1075,14161
1075,14222
1077,14399
1077,14456
1078,14515
1078,14576
1079,14637
1079,14698
1080,14758
1080,14818
1081,14879
1081,14939
1082,15000
1082,15061
1083,15122
1083,15183
1084,15244
1084,15303
1085,15362
1085,15423
1086,15482
1086,15541
1087,15602
1087,15663
1088,15724
1088,15785
1089,15846
1089,15907
1090,15967
1090,16026
1091,16086
1091,16146
1092,16205
1092,16262
1093,16320
1093,16380
1094,16440
1094,16501
1095,16562
1095,16622
1096,16683
1096,16744
1097,16804
1097,16863
1098,16923
1098,16984
1099,17044
1099,17104
1100,17165
1100,17226
1101,17287
1101,17346
1102,17404
1102,17464
1103,17525
1103,17586
1104,17647
1104,17708
1105,17767
1105,17824
1106,17883
1106,17944
1108,18122
1108,18183
1109,18244
1109,18304
1110,18364
1110,18425
1111,18485
1111,18543
1112,18602
1112,18661
1113,18721
1113,18782
1115,18962
1115,19022
1116,19081
1116,19139
1119,19436
1119,19497
1120,19557
1120,19617
1121,19678
1121,19739
1122,19800
1122,19861
1123,19922
1123,19983
1124,20042
1124,20101
1125,20160
1125,20219
1126,20279
1126,20340
1127,20398
1127,20455
1128,20513
1128,20572
1129,20632
1129,20693
1130,20754
1130,20814
1131,20874
1131,20935
1132,20995
1132,21055
1133,21114
1133,21173
1134,21231
1134,21289
1135,21348
1135,21409
1136,21468
1136,21527
1137,21587
1137,21647
1138,21707
1138,21767
1139,21827
1139,21888
1140,21949
1140,22007
1141,22066
1141,22126
1142,22185
1142,22244
1143,22304
1143,22365
1144,22425
1144,22484
1145,22543
1145,22602
1146,22661
1146,22722
1147,22783
1147,22844
1148,22905
1148,22966
1149,23027
1149,23088
1150,23148
1150,23208
1151,23269
1151,23330
1152,23390
1152,23450
1153,23507
1153,23566
1154,23626
1154,23686
1155,23745
1155,23804
1156,23864
1156,23924
1157,23983
1157,24041
1158,24100
1158,24161
1159,24222
1159,24282
1160,24343
1160,24404
1161,24464
1161,24523
1162,24582
1162,24642
1163,24702
1163,24763
1164,24822
1164,24879
1165,24939
1165,24997
1166,25054
1166,25113
1001,10016
1002,10045
1002,10074
1003,10103
1003,10132
1004,10161
1004,10190
1005,10219
1005,10248
1006,10277
1006,10306
1007,10335
1007,10364
1008,10393
1008,10422
1009,10451
1009,10480
1010,10509
1010,10538
1011,10567
1011,10596
1012,10625
1012,10654
1013,10683
1013,10712
1014,10741
1014,10770
1015,10799
1015,10828
1016,10857
1016,10886
1017,10915
1017,10944
1018,10973
1018,11002
1019,11031
1019,11060
1020,11089
1020,11118
1021,11147
1021,11176
1022,11205
1022,11234
1023,11263
1023,11292
1024,11321
1024,11350
1025,11379
1025,11408
1026,11437
1026,11466
1027,11495
1027,11524
1028,11553
1028,11582
1029,11611
1029,11640
1030,11669
1030,11698
1031,11727
1031,11756
1032,11785
1032,11814
1033,11843
1033,11872
1034,11901
1034,11930
1035,11959
1036,11988
1036,12017
1037,12046
1037,12075
1038,12104
1038,12133
1039,12162
1039,12191
1040,12220
1040,12249
1041,12278
1042,12307
1042,12336
1043,12365
1043,12394
1044,12423
1044,12452
1045,12481
1045,12510
1046,12539
1047,12568
1047,12597
1048,12626
1048,12655
1049,12684
1049,12713
1050,12742
1050,12771
1051,12800
1051,12829
1052,12858
1052,12887
1053,12916
1053,12945
1054,12974
1054,13003
1055,13032
1055,13061
1056,13090
1056,13119
1057,13148
1058,13177
1058,13206
1059,13235
1059,13264
1060,13293
1060,13322
1061,13351
1061,13380
1062,13409
1062,13438
1063,13467
1063,13496
1064,13525
1064,13554
1065,13583
1065,13612
1066,13641
1066,13670
1067,13699
1067,13728
1068,13757
1068,13786
1069,13815
1069,13844
1070,13873
1070,13902
1071,13931
1071,13960
1072,13989
1072,14018
1073,14047
1073,14076
1074,14105
1074,14134
1075,14162
1075,14223
1076,14282
1076,14341
1077,14400
1077,14457
1078,14516
1078,14577
1079,14638
1079,14699
1080,14759
1080,14819
1081,14880
1081,14940
1082,15001
1082,15062
1083,15123
1083,15184
1084,15245
1084,15304
1085,15363
1085,15424
1086,15483
1086,15542
1087,15603
1087,15664
1088,15725
1088,15786
1089,15847
1089,15908
1090,15968
1090,16027
1091,16087
1091,16147
1092,16206
1092,16263
1093,16321
1093,16381
1094,16441
1094,16502
1095,16563
1095,16623
1096,16684
1096,16745
1097,16805
1097,16864
1098,16924
1098,16985
1099,17045
1099,17105
1100,17166
1100,17227
1101,17288
1101,17347
1102,17405
1102,17465
1103,17526
1103,17587
1104,17648
1104,17709
1105,17768
1105,17825
1106,17884
1106,17945
1107,18004
1107,18062
1108,18123
1108,18184
1109,18245
1109,18305
1110,18365
1110,18426
1111,18486
1111,18544
1112,18603
1112,18662
1113,18722
1113,18783
1114,18843
1114,18903
1115,18963
1115,19023
1116,19082
1116,19140
1117,19200
1117,19260
1118,19317
1118,19377
1119,19437
1119,19498
1120,19558
1120,19618
1121,19679
1121,19740
1122,19801
1122,19862
1123,19923
1123,19984
1124,20043
1124,20102
1125,20161
1125,20220
1126,20280
1126,20341
1127,20399
1127,20456
1128,20514
1128,20573
1129,20633
1129,20694
1130,20755
1130,20815
1131,20875
1131,20936
1132,20996
1132,21056
1133,21115
1133,21174
1134,21232
1134,21290
1135,21349
1135,21410
1136,21469
1136,21528
1137,21588
1137,21648
1138,21708
1138,21768
1139,21828
1139,21889
1140,21950
1140,22008
1141,22067
1141,22127
1142,22186
1142,22245
1143,22305
1143,22366
1144,22426
1144,22485
1145,22544
1145,22603
1146,22662
1146,22723
1147,22784
1147,22845
1148,22906
1148,22967
1149,23028
1149,23089
1150,23149
1150,23209
1151,23270
1151,23331
1152,23391
1152,23451
1153,23508
1153,23567
1154,23627
1154,23687
1155,23746
1155,23805
1156,23865
1156,23925
1157,23984
1157,24042
1158,24101
1158,24162
1159,24223
1159,24283
1160,24344
1160,24405
1161,24465
1161,24524
1162,24583
1162,24643
1163,24703
1163,24764
1164,24880
1165,24940
1165,24998
1166,25055
1166,25114
1001,10017
1002,10046
1002,10075
1003,10104
1003,10133
1004,10162
1004,10191
1005,10220
1005,10249
1006,10278
1006,10307
1007,10336
1007,10365
1008,10394
1008,10423
1009,10452
1009,10481
1010,10510
1010,10539
1011,10568
1011,10597
1012,10626
1012,10655
1013,10684
1013,10713
1014,10742
1014,10771
1015,10800
1015,10829
1016,10858
1016,10887
1017,10916
1017,10945
1018,10974
1018,11003
1019,11032
1019,11061
1020,11090
1020,11119
1021,11148
1021,11177
1022,11206
1022,11235
1023,11264
1023,11293
1024,11322
1024,11351
1025,11380
1025,11409
1026,11438
1026,11467
1027,11496
1027,11525
1028,11554
1028,11583
1029,11612
1029,11641
1030,11670
1030,11699
1031,11728
1031,11757
1032,11786
1032,11815
1033,11844
1033,11873
1034,11902
1034,11931
1035,11960
1036,11989
1036,12018
1037,12047
1037,12076
1038,12105
1038,12134
1039,12163
1039,12192
1040,12221
1040,12250
1041,12279
1042,12308
1042,12337
1043,12366
1043,12395
1044,12424
1044,12453
1045,12482
1045,12511
1046,12540
1047,12569
1047,12598
1048,12627
1048,12656
1049,12685
1049,12714
1050,12743
1050,12772
1051,12801
1051,12830
1052,12859
1052,12888
1053,12917
1053,12946
1054,12975
1054,13004
1055,13033
1055,13062
1056,13091
1056,13120
1057,13149
1058,13178
1058,13207
1059,13236
1059,13265
1060,13294
1060,13323
1061,13352
1061,13381
1062,13410
1062,13439
1063,13468
1063,13497
1064,13526
1064,13555
1065,13584
1065,13613
1066,13642
1066,13671
1067,13700
1067,13729
1068,13758
1068,13787
1069,13816
1069,13845
1070,13874
1070,13903
1071,13932
1071,13961
1072,13990
1072,14019
1073,14048
1073,14077
1074,14106
1074,14135
1075,14163
1075,14224
1076,14283
1076,14342
1077,14458
1078,14517
1078,14578
1079,14639
1079,14700
1080,14820
1081,14881
1081,14941
1082,15002
1082,15063
1083,15124
1083,15185
1084,15246
1084,15305
1085,15364
1085,15425
1086,15484
1086,15543
1087,15604
1087,15665
1088,15726
1088,15787
1089,15848
1089,15909
1090,16028
1091,16088
1091,16148
1092,16207
1092,16264
1093,16322
1093,16382
1094,16442
1094,16503
1095,16564
1095,16624
1096,16685
1096,16746
1097,16806
1097,16865
1098,16925
1098,16986
1099,17046
1099,17106
1100,17167
1100,17228
1101,17289
1101,17348
1102,17406
1102,17466
1103,17527
1103,17588
1104,17649
1104,17710
1106,17885
1106,17946
1107,18063
1108,18124
1108,18185
1109,18246
1109,18306
1110,18366
1110,18427
1113,18723
1113,18784
1114,18844
1114,18904
1115,18964
1115,19024
1116,19141
1117,19201
1117,19261
1118,19318
1118,19378
1119,19438
1119,19499
1120,19559
1120,19619
1121,19680
1121,19741
1122,19802
1122,19863
1123,19924
1123,19985
1124,20044
1124,20103
1126,20281
1126,20342
1127,20400
1127,20457
1129,20634
1129,20695
1130,20756
1130,20816
1131,20876
1131,20937
1132,20997
1132,21057
1133,21116
1133,21175
1134,21233
1134,21291
1135,21350
1135,21411
1137,21589
1137,21649
1138,21709
1138,21769
1139,21829
1139,21890
1143,22306
1143,22367
1145,22545
1145,22604
1146,22663
1146,22724
1147,22785
1147,22846
1148,22907
1148,22968
1149,23029
1149,23090
1150,23150
1150,23210
1151,23271
1151,23332
1152,23392
1152,23452
1154,23628
1154,23688
1155,23747
1155,23806
1156,23866
1156,23926
1157,23985
1157,24043
1158,24102
1158,24163
1159,24224
1159,24284
1160,24345
1160,24406
1161,24466
1161,24525
1162,24584
1162,24644
1163,24704
1163,24765
1164,24823
1164,24881
1165,24941
1165,24999
1001,10018
1002,10047
1002,10076
1003,10105
1003,10134
1004,10163
1004,10192
1005,10221
1005,10250
1006,10279
1006,10308
1007,10337
1007,10366
1008,10395
1008,10424
1009,10453
1009,10482
1010,10511
1010,10540
1011,10569
1011,10598
1012,10627
1012,10656
1013,10685
1013,10714
1014,10743
1014,10772
1015,10801
1015,10830
1016,10859
1016,10888
1017,10917
1017,10946
1018,10975
1018,11004
1019,11033
1019,11062
1020,11091
1020,11120
1021,11149
1021,11178
1022,11207
1022,11236
1023,11265
1023,11294
1024,11323
1024,11352
1025,11381
1025,11410
1026,11439
1026,11468
1027,11497
1027,11526
1028,11555
1028,11584
1029,11613
1029,11642
1030,11671
1030,11700
1031,11729
1031,11758
1032,11787
1032,11816
1033,11845
1033,11874
1034,11903
1034,11932
1035,11961
1036,11990
1036,12019
1037,12048
1037,12077
1038,12106
1038,12135
1039,12164
1039,12193
1040,12222
1040,12251
1041,12280
1042,12309
1042,12338
1043,12367
1043,12396
1044,12425
1044,12454
1045,12483
1045,12512
1046,12541
1047,12570
1047,12599
1048,12628
1048,12657
1049,12686
1049,12715
1050,12744
1050,12773
1051,12802
1051,12831
1052,12860
1052,12889
1053,12918
1053,12947
1054,12976
1054,13005
1055,13034
1055,13063
1056,13092
1056,13121
1057,13150
1058,13179
1058,13208
1059,13237
1059,13266
1060,13295
1060,13324
1061,13353
1061,13382
1062,13411
1062,13440
1063,13469
1063,13498
1064,13527
1064,13556
1065,13585
1065,13614
1066,13643
1066,13672
1067,13701
1067,13730
1068,13759
1068,13788
1069,13817
1069,13846
1070,13875
1070,13904
1071,13933
1071,13962
1072,13991
1072,14020
1073,14049
1073,14078
1074,14107
1074,14136
1075,14164
1075,14225
1076,14284
1076,14343
1077,14401
1077,14459
1078,14518
1078,14579
1079,14640
1079,14701
1080,14760
1080,14821
1081,14882
1081,14942
1082,15003
1082,15064
1083,15125
1083,15186
1084,15247
1084,15306
1085,15365
1085,15426
1086,15485
1086,15544
1087,15605
1087,15666
1088,15727
1088,15788
1089,15849
1089,15910
1090,15969
1090,16029
1091,16089
1091,16149
1092,16208
1092,16265
1093,16323
1093,16383
1094,16443
1094,16504
1095,16565
1095,16625
1096,16686
1096,16747
1097,16807
1097,16866
1098,16926
1098,16987
1099,17047
1099,17107
1100,17168
1100,17229
1101,17290
1101,17349
1102,17407
1102,17467
1103,17528
1103,17589
1104,17650
1104,17711
1105,17769
1105,17826
1106,17886
1106,17947
1107,18005
1107,18064
1108,18125
1108,18186
1109,18247
1109,18307
1110,18367
1110,18428
1111,18487
1111,18545
1112,18604
1112,18663
1113,18724
1113,18785
1114,18845
1114,18905
1115,18965
1115,19025
1116,19083
1116,19142
1117,19202
1117,19262
1118,19319
1118,19379
1119,19439
1119,19500
1120,19560
1120,19620
1121,19681
1121,19742
1122,19803
1122,19864
1123,19925
1123,19986
1124,20045
1124,20104
1125,20162
1125,20221
1126,20282
1126,20343
1127,20401
1127,20458
1128,20515
1128,20574
1129,20635
1129,20696
1130,20757
1130,20817
1131,20877
1131,20938
1132,20998
1132,21058
1133,21117
1133,21176
1134,21234
1134,21292
1135,21351
1135,21412
1136,21470
1136,21529
1137,21590
1137,21650
1138,21710
1138,21770
1139,21830
1139,21891
1140,21951
1140,22009
1141,22068
1141,22128
1142,22187
1142,22246
1143,22307
1143,22368
1144,22427
1144,22486
1145,22546
1145,22605
1146,22664
1146,22725
1147,22786
1147,22847
1148,22908
1148,22969
1149,23030
1149,23091
1150,23151
1150,23211
1151,23272
1151,23333
1152,23393
1152,23453
1153,23509
1153,23568
1154,23629
1154,23689
1155,23748
1155,23807
1156,23867
1156,23927
1157,23986
1157,24044
1158,24103
1158,24164
1159,24225
1159,24285
1160,24346
1160,24407
1161,24467
1161,24526
1162,24585
1162,24645
1163,24705
1163,24766
1164,24824
1164,24882
1165,24942
1165,25000
1166,25056
1166,25115
1001,10019
1002,10048
1002,10077
1003,10106
1003,10135
1004,10164
1004,10193
1005,10222
1005,10251
1006,10280
1006,10309
1007,10338
1007,10367
1008,10396
1008,10425
1009,10454
1009,10483
1010,10512
1010,10541
1011,10570
1011,10599
1012,10628
1012,10657
1013,10686
1013,10715
1014,10744
1014,10773
1015,10802
1015,10831
1016,10860
1016,10889
1017,10918
1017,10947
1018,10976
1018,11005
1019,11034
1019,11063
1020,11092
1020,11121
1021,11150
1021,11179
1022,11208
1022,11237
1023,11266
1023,11295
1024,11324
1024,11353
1025,11382
1025,11411
1026,11440
1026,11469
1027,11498
1027,11527
1028,11556
1028,11585
1029,11614
1029,11643
1030,11672
1030,11701
1031,11730
1031,11759
1032,11788
1032,11817
1033,11846
1033,11875
1034,11904
1034,11933
1035,11962
1036,11991
1036,12020
1037,12049
1037,12078
1038,12107
1038,12136
1039,12165
1039,12194
1040,12223
1040,12252
1041,12281
1042,12310
1042,12339
1043,12368
1043,12397
1044,12426
1044,12455
1045,12484
1045,12513
1046,12542
1047,12571
1047,12600
1048,12629
1048,12658
1049,12687
1049,12716
1050,12745
1050,12774
1051,12803
1051,12832
1052,12861
1052,12890
1053,12919
1053,12948
1054,12977
1054,13006
1055,13035
1055,13064
1056,13093
1056,13122
1057,13151
1058,13180
1058,13209
1059,13238
1059,13267
1060,13296
1060,13325
1061,13354
1061,13383
1062,13412
1062,13441
1063,13470
1063,13499
1064,13528
1064,13557
1065,13586
1065,13615
1066,13644
1066,13673
1067,13702
1067,13731
1068,13760
1068,13789
1069,13818
1069,13847
1070,13876
1070,13905
1071,13934
1071,13963
1072,13992
1072,14021
1073,14050
1073,14079
1074,14108
1074,14137
1075,14167
1075,14228
1076,14287
1076,14346
1077,14404
1077,14462
1078,14521
1078,14582
1079,14643
1079,14704
1080,14763
1080,14824
1081,14885
1081,14945
1082,15006
1082,15067
1083,15128
1083,15189
1084,15250
1084,15309
1085,15368
1085,15429
1086,15488
1086,15547
1087,15608
1087,15669
1088,15730
1088,15791
1089,15852
1089,15913
1090,15972
1090,16032
1091,16092
1091,16152
1093,16326
1093,16386
1094,16446
1094,16507
1095,16568
1095,16628
1096,16689
1096,16750
1097,16810
1097,16869
1098,16929
1098,16990
1099,17050
1099,17110
1100,17171
1100,17232
1102,17410
1102,17470
1103,17531
1103,17592
1104,17653
1104,17714
1105,17772
1105,17829
1106,17889
1106,17950
1107,18008
1107,18067
1108,18128
1108,18189
1109,18250
1109,18310
1110,18370
1110,18431
1111,18490
1111,18548
1112,18607
1112,18666
1113,18727
1113,18788
1114,18848
1114,18908
1115,18968
1115,19028
1116,19086
1116,19145
1117,19205
1117,19265
1118,19322
1118,19382
1119,19442
1119,19503
1120,19563
1120,19623
1121,19684
1121,19745
1122,19806
1122,19867
1123,19928
1123,19989
1124,20048
1124,20107
1125,20165
1125,20224
1126,20285
1126,20346
1127,20404
1127,20461
1128,20518
1128,20577
1129,20638
1129,20699
1130,20760
1130,20820
1131,20880
1131,20941
1132,21001
1132,21061
1133,21120
1133,21179
1134,21237
1134,21295
1135,21354
1135,21415
1136,21473
1136,21532
1137,21593
1137,21653
1138,21713
1138,21773
1139,21833
1139,21894
1140,21954
1140,22012
1141,22071
1141,22131
1142,22190
1142,22249
1143,22310
1143,22371
1144,22430
1144,22489
1145,22549
1145,22608
1146,22667
1146,22728
1147,22789
1147,22850
1148,22911
1148,22972
1149,23033
1149,23094
1150,23154
1150,23214
1151,23275
1151,23336
1152,23396
1152,23456
1153,23512
1153,23571
1154,23632
1154,23692
1155,23751
1155,23810
1156,23870
1156,23930
1158,24106
1158,24167
1159,24228
1159,24288
1160,24349
1160,24410
1161,24470
1161,24529
1162,24588
1162,24648
1163,24708
1163,24769
1164,24827
1164,24885
1165,24945
1165,25003
1166,25059
1166,25118
1001,10020
1002,10049
1002,10078
1003,10107
1003,10136
1004,10165
1004,10194
1005,10223
1005,10252
1006,10281
1006,10310
1007,10339
1007,10368
1008,10397
1008,10426
1009,10455
1009,10484
1010,10513
1010,10542
1011,10571
1011,10600
1012,10629
1012,10658
1013,10687
1013,10716
1014,10745
1014,10774
1015,10803
1015,10832
1016,10861
1016,10890
1017,10919
1017,10948
1018,10977
1018,11006
1019,11035
1019,11064
1020,11093
1020,11122
1021,11151
1021,11180
1022,11209
1022,11238
1023,11267
1023,11296
1024,11325
1024,11354
1025,11383
1025,11412
1026,11441
1026,11470
1027,11499
1027,11528
1028,11557
1028,11586
1029,11615
1029,11644
1030,11673
1030,11702
1031,11731
1031,11760
1032,11789
1032,11818
1033,11847
1033,11876
1034,11905
1034,11934
1035,11963
1036,11992
1036,12021
1037,12050
1037,12079
1038,12108
1038,12137
1039,12166
1039,12195
1040,12224
1040,12253
1041,12282
1042,12311
1042,12340
1043,12369
1043,12398
1044,12427
1044,12456
1045,12485
1045,12514
1046,12543
1047,12572
1047,12601
1048,12630
1048,12659
1049,12688
1049,12717
1050,12746
1050,12775
1051,12804
1051,12833
1052,12862
1052,12891
1053,12920
1053,12949
1054,12978
1054,13007
1055,13036
1055,13065
1056,13094
1056,13123
1057,13152
1058,13181
1058,13210
1059,13239
1059,13268
1060,13297
1060,13326
1061,13355
1061,13384
1062,13413
1062,13442
1063,13471
1063,13500
1064,13529
1064,13558
1065,13587
1065,13616
1066,13645
1066,13674
1067,13703
1067,13732
1068,13761
1068,13790
1069,13819
1069,13848
1070,13877
1070,13906
1071,13935
1071,13964
1072,13993
1072,14022
1073,14051
1073,14080
1074,14109
1074,14138
1075,14169
1075,14230
1076,14289
1076,14348
1077,14406
1077,14464
1078,14523
1078,14584
1079,14645
1079,14706
1080,14765
1080,14826
1081,14887
1081,14947
1082,15008
1082,15069
1083,15130
1083,15191
1084,15252
1084,15311
1085,15370
1085,15431
1086,15490
1086,15549
1087,15610
1087,15671
1088,15732
1088,15793
1089,15854
1089,15915
1090,15974
1090,16034
1091,16094
1091,16154
1092,16211
1092,16268
1094,16448
1094,16509
1095,16570
1095,16630
1096,16691
1096,16752
1097,16812
1097,16871
1098,16931
1098,16992
1099,17052
1099,17112
1100,17173
1100,17234
1101,17294
1101,17353
1102,17412
1102,17472
1103,17533
1103,17594
1104,17655
1104,17716
1105,17774
1105,17831
1106,17891
1106,17952
1107,18010
1107,18069
1108,18130
1108,18191
1109,18252
1109,18312
1110,18372
1110,18433
1111,18492
1111,18550
1112,18609
1112,18668
1113,18729
1113,18790
1114,18850
1115,18970
1115,19030
1116,19088
1116,19147
1117,19207
1117,19267
1118,19324
1118,19384
1119,19444
1119,19505
1120,19565
1120,19625
1121,19686
1121,19747
1122,19808
1122,19869
1123,19930
1123,19991
1124,20050
1124,20109
1125,20167
1125,20226
1126,20287
1126,20348
1127,20406
1127,20463
1128,20520
1128,20579
1129,20640
1129,20701
1130,20762
1130,20822
1131,20882
1131,20943
1132,21003
1132,21063
1133,21122
1133,21181
1134,21239
1134,21297
1135,21356
1135,21417
1136,21475
1136,21534
1137,21595
1137,21655
1138,21715
1138,21775
1139,21835
1139,21896
1140,21956
1140,22014
1141,22073
1141,22133
1142,22192
1142,22251
1143,22312
1143,22373
1144,22432
1144,22491
1145,22551
1145,22610
1146,22669
1146,22730
1147,22791
1147,22852
1148,22913
1148,22974
1149,23035
1149,23096
1150,23156
1150,23216
1151,23277
1151,23338
1152,23398
1152,23458
1153,23514
1153,23573
1154,23634
1154,23694
1155,23753
1155,23812
1156,23872
1156,23932
1157,23989
1157,24047
1158,24108
1158,24169
1159,24230
1159,24290
1160,24351
1160,24412
1161,24472
1161,24531
1162,24590
1162,24650
1163,24710
1163,24771
1164,24829
1164,24887
1165,24947
1165,25005
1166,25061
1166,25120
1001,10021
1002,10050
1002,10079
1003,10108
1003,10137
1004,10166
1004,10195
1005,10224
1005,10253
1006,10282
1006,10311
1007,10340
1007,10369
1008,10398
1008,10427
1009,10456
1009,10485
1010,10514
1010,10543
1011,10572
1011,10601
1012,10630
1012,10659
1013,10688
1013,10717
1014,10746
1014,10775
1015,10804
1015,10833
1016,10862
1016,10891
1017,10920
1017,10949
1018,10978
1018,11007
1019,11036
1019,11065
1020,11094
1020,11123
1021,11152
1021,11181
1022,11210
1022,11239
1023,11268
1023,11297
1024,11326
1024,11355
1025,11384
1025,11413
1026,11442
1026,11471
1027,11500
1027,11529
1028,11558
1028,11587
1029,11616
1029,11645
1030,11674
1030,11703
1031,11732
1031,11761
1032,11790
1032,11819
1033,11848
1033,11877
1034,11906
1034,11935
1035,11964
1036,11993
1036,12022
1037,12051
1037,12080
1038,12109
1038,12138
1039,12167
1039,12196
1040,12225
1040,12254
1041,12283
1042,12312
1042,12341
1043,12370
1043,12399
1044,12428
1044,12457
1045,12486
1045,12515
1046,12544
1047,12573
1047,12602
1048,12631
1048,12660
1049,12689
1049,12718
1050,12747
1050,12776
1051,12805
1051,12834
1052,12863
1052,12892
1053,12921
1053,12950
1054,12979
1054,13008
1055,13037
1055,13066
1056,13095
1056,13124
1057,13153
1058,13182
1058,13211
1059,13240
1059,13269
1060,13298
1060,13327
1061,13356
1061,13385
1062,13414
1062,13443
1063,13472
1063,13501
1064,13530
1064,13559
1065,13588
1065,13617
1066,13646
1066,13675
1067,13704
1067,13733
1068,13762
1068,13791
1069,13820
1069,13849
1070,13878
1070,13907
1071,13936
1071,13965
1072,13994
1072,14023
1073,14052
1073,14081
1074,14110
1074,14139
1075,14170
1075,14231
1076,14290
1076,14349
1077,14407
1077,14465
1078,14524
1078,14585
1079,14646
1079,14707
1080,14766
1080,14827
1081,14888
1081,14948
1082,15009
1082,15070
1083,15131
1083,15192
1084,15253
1084,15312
1085,15371
1085,15432
1086,15491
1086,15550
1087,15611
1087,15672
1088,15733
1088,15794
1089,15855
1089,15916
1090,15975
1090,16035
1091,16095
1091,16155
1092,16212
1092,16269
1093,16328
1093,16388
1094,16449
1094,16510
1095,16571
1095,16631
1096,16692
1096,16753
1097,16813
1097,16872
1098,16932
1098,16993
1099,17053
1099,17113
1100,17174
1100,17235
1101,17295
1101,17354
1102,17413
1102,17473
1103,17534
1103,17595
1104,17656
1104,17717
1105,17775
1105,17832
1106,17892
1106,17953
1107,18011
1107,18070
1108,18131
1108,18192
1109,18253
1109,18313
1110,18373
1110,18434
1111,18493
1111,18551
1112,18610
1112,18669
1113,18730
1113,18791
1114,18851
1114,18910
1115,18971
1115,19031
1116,19089
1116,19148
1117,19208
1117,19268
1118,19325
1118,19385
1119,19445
1119,19506
1120,19566
1120,19626
1121,19687
1121,19748
1122,19809
1122,19870
1123,19931
1123,19992
1124,20051
1124,20110
1125,20168
1125,20227
1126,20288
1126,20349
1127,20407
1127,20464
1128,20521
1128,20580
1129,20641
1129,20702
1130,20763
1130,20823
1131,20883
1131,20944
1132,21004
1132,21064
1133,21123
1133,21182
1134,21240
1134,21298
1135,21357
1135,21418
1136,21476
1136,21535
1137,21596
1137,21656
1138,21716
1138,21776
1139,21836
1139,21897
1140,21957
1140,22015
1141,22074
1141,22134
1142,22193
1142,22252
1143,22313
1143,22374
1144,22433
1144,22492
1145,22552
1145,22611
1146,22670
1146,22731
1147,22792
1147,22853
1148,22914
1148,22975
1149,23036
1149,23097
1150,23157
1150,23217
1151,23278
1151,23339
1152,23399
1152,23459
1153,23515
1153,23574
1154,23635
1154,23695
1155,23754
1155,23813
1156,23873
1156,23933
1157,23990
1157,24048
1158,24109
1158,24170
1159,24231
1159,24291
1160,24352
1160,24413
1161,24473
1161,24532
1162,24591
1162,24651
1163,24711
1163,24772
1164,24830
1164,24888
1165,24948
1165,25006
1166,25062
1166,25121
1001,10022
1002,10051
1002,10080
1003,10109
1003,10138
1004,10167
1004,10196
1005,10225
1005,10254
1006,10283
1006,10312
1007,10341
1007,10370
1008,10399
1008,10428
1009,10457
1009,10486
1010,10515
1010,10544
1011,10573
1011,10602
1012,10631
1012,10660
1013,10689
1013,10718
1014,10747
1014,10776
1015,10805
1015,10834
1016,10863
1016,10892
1017,10921
1017,10950
1018,10979
1018,11008
1019,11037
1019,11066
1020,11095
1020,11124
1021,11153
1021,11182
1022,11211
1022,11240
1023,11269
1023,11298
1024,11327
1024,11356
1025,11385
1025,11414
1026,11443
1026,11472
1027,11501
1027,11530
1028,11559
1028,11588
1029,11617
1029,11646
1030,11675
1030,11704
1031,11733
1031,11762
1032,11791
1032,11820
1033,11849
1033,11878
1034,11907
1034,11936
1035,11965
1036,11994
1036,12023
1037,12052
1037,12081
1038,12110
1038,12139
1039,12168
1039,12197
1040,12226
1040,12255
1041,12284
1042,12313
1042,12342
1043,12371
1043,12400
1044,12429
1044,12458
1045,12487
1045,12516
1046,12545
1047,12574
1047,12603
1048,12632
1048,12661
1049,12690
1049,12719
1050,12748
1050,12777
1051,12806
1051,12835
1052,12864
1052,12893
1053,12922
1053,12951
1054,12980
1054,13009
1055,13038
1055,13067
1056,13096
1056,13125
1057,13154
1058,13183
1058,13212
1059,13241
1059,13270
1060,13299
1060,13328
1061,13357
1061,13386
1062,13415
1062,13444
1063,13473
1063,13502
1064,13531
1064,13560
1065,13589
1065,13618
1066,13647
1066,13676
1067,13705
1067,13734
1068,13763
1068,13792
1069,13821
1069,13850
1070,13879
1070,13908
1071,13937
1071,13966
1072,13995
1072,14024
1073,14053
1073,14082
1074,14111
1074,14140
1075,14171
1075,14232
1076,14291
1076,14350
1077,14408
1077,14466
1078,14525
1078,14586
1079,14647
1079,14708
1080,14767
1080,14828
1081,14889
1081,14949
1082,15010
1082,15071
1083,15132
1083,15193
1084,15254
1084,15313
1085,15372
1085,15433
1086,15492
1086,15551
1087,15612
1087,15673
1088,15734
1088,15795
1089,15856
1089,15917
1090,15976
1090,16036
1091,16096
1091,16156
1092,16213
1092,16270
1093,16329
1093,16389
1094,16450
1094,16511
1095,16572
1095,16632
1096,16693
1096,16754
1097,16814
1097,16873
1098,16933
1098,16994
1099,17054
1099,17114
1100,17175
1100,17236
1101,17296
1101,17355
1102,17414
1102,17474
1103,17535
1103,17596
1104,17657
1104,17718
1105,17776
1105,17833
1106,17893
1106,17954
1107,18012
1107,18071
1108,18132
1108,18193
1109,18254
1109,18314
1110,18374
1110,18435
1111,18494
1111,18552
1112,18611
1112,18670
1113,18731
1113,18792
1114,18852
1114,18911
1115,18972
1115,19032
1116,19090
1116,19149
1117,19209
1117,19269
1118,19326
1118,19386
1119,19446
1119,19507
1120,19567
1120,19627
1121,19688
1121,19749
1122,19810
1122,19871
1123,19932
1123,19993
1124,20052
1124,20111
1125,20169
1125,20228
1126,20289
1126,20350
1127,20408
1127,20465
1128,20522
1128,20581
1129,20642
1129,20703
1130,20764
1130,20824
1131,20884
1131,20945
1132,21005
1132,21065
1133,21124
1133,21183
1134,21241
1134,21299
1135,21358
1135,21419
1136,21477
1136,21536
1137,21597
1137,21657
1138,21717
1138,21777
1139,21837
1139,21898
1140,21958
1140,22016
1141,22075
1141,22135
1142,22194
1142,22253
1143,22314
1143,22375
1144,22434
1144,22493
1145,22553
1145,22612
1146,22671
1146,22732
1147,22793
1147,22854
1148,22915
1148,22976
1149,23037
1149,23098
1150,23158
1150,23218
1151,23279
1151,23340
1152,23400
1152,23460
1153,23516
1153,23575
1154,23636
1154,23696
1155,23755
1155,23814
1156,23874
1156,23934
1157,23991
1157,24049
1158,24110
1158,24171
1159,24232
1159,24292
1160,24353
1160,24414
1161,24474
1161,24533
1162,24592
1162,24652
1163,24712
1163,24773
1164,24831
1164,24889
1165,24949
1165,25007
1166,25063
1166,25122
1001,10023
1002,10052
1002,10081
1003,10110
1003,10139
1004,10168
1004,10197
1005,10226
1005,10255
1006,10284
1006,10313
1007,10342
1007,10371
1008,10400
1008,10429
1009,10458
1009,10487
1010,10516
1010,10545
1011,10574
1011,10603
1012,10632
1012,10661
1013,10690
1013,10719
1014,10748
1014,10777
1015,10806
1015,10835
1016,10864
1016,10893
1017,10922
1017,10951
1018,10980
1018,11009
1019,11038
1019,11067
1020,11096
1020,11125
1021,11154
1021,11183
1022,11212
1022,11241
1023,11270
1023,11299
1024,11328
1024,11357
1025,11386
1025,11415
1026,11444
1026,11473
1027,11502
1027,11531
1028,11560
1028,11589
1029,11618
1029,11647
1030,11676
1030,11705
1031,11734
1031,11763
1032,11792
1032,11821
1033,11850
1033,11879
1034,11908
1034,11937
1035,11966
1036,11995
1036,12024
1037,12053
1037,12082
1038,12111
1038,12140
1039,12169
1039,12198
1040,12227
1040,12256
1041,12285
1042,12314
1042,12343
1043,12372
1043,12401
1044,12430
1044,12459
1045,12488
1045,12517
1046,12546
1047,12575
1047,12604
1048,12633
1048,12662
1049,12691
1049,12720
1050,12749
1050,12778
1051,12807
1051,12836
1052,12865
1052,12894
1053,12923
1053,12952
1054,12981
1054,13010
1055,13039
1055,13068
1056,13097
1056,13126
1057,13155
1058,13184
1058,13213
1059,13242
1059,13271
1060,13300
1060,13329
1061,13358
1061,13387
1062,13416
1062,13445
1063,13474
1063,13503
1064,13532
1064,13561
1065,13590
1065,13619
1066,13648
1066,13677
1067,13706
1067,13735
1068,13764
1068,13793
1069,13822
1069,13851
1070,13880
1070,13909
1071,13938
1071,13967
1072,13996
1072,14025
1073,14054
1073,14083
1074,14112
1074,14141
1075,14172
1075,14233
1076,14292
1076,14351
1077,14409
1077,14467
1078,14526
1078,14587
1079,14648
1079,14709
1080,14768
1080,14829
1081,14890
1081,14950
1082,15011
1082,15072
1083,15133
1083,15194
1084,15255
1084,15314
1085,15373
1085,15434
1086,15493
1086,15552
1087,15613
1087,15674
1088,15735
1088,15796
1089,15857
1089,15918
1090,15977
1090,16037
1091,16097
1091,16157
1092,16214
1092,16271
1093,16330
1093,16390
1094,16451
1094,16512
1095,16573
1095,16633
1096,16694
1096,16755
1097,16815
1097,16874
1098,16934
1098,16995
1099,17055
1099,17115
1100,17176
1100,17237
1101,17297
1101,17356
1102,17415
1102,17475
1103,17536
1103,17597
1104,17658
1104,17719
1105,17777
1105,17834
1106,17894
1106,17955
1107,18013
1107,18072
1108,18133
1108,18194
1109,18255
1109,18315
1110,18375
1110,18436
1111,18495
1111,18553
1112,18612
1112,18671
1113,18732
1113,18793
1114,18853
1114,18912
1115,18973
1115,19033
1116,19091
1116,19150
1117,19210
1117,19270
1118,19327
1118,19387
1119,19447
1119,19508
1120,19568
1120,19628
1121,19689
1121,19750
1122,19811
1122,19872
1123,19933
1123,19994
1124,20053
1124,20112
1125,20170
1125,20229
1126,20290
1126,20351
1127,20409
1127,20466
1128,20523
1128,20582
1129,20643
1129,20704
1130,20765
1130,20825
1131,20885
1131,20946
1132,21006
1132,21066
1133,21125
1133,21184
1134,21242
1134,21300
1135,21359
1135,21420
1136,21478
1136,21537
1137,21598
1137,21658
1138,21718
1138,21778
1139,21838
1139,21899
1140,21959
1140,22017
1141,22076
1141,22136
1142,22195
1142,22254
1143,22315
1143,22376
1144,22435
1144,22494
1145,22554
1145,22613
1146,22672
1146,22733
1147,22794
1147,22855
1148,22916
1148,22977
1149,23038
1149,23099
1150,23159
1150,23219
1151,23280
1151,23341
1152,23401
1152,23461
1153,23517
1153,23576
1154,23637
1154,23697
1155,23756
1155,23815
1156,23875
1156,23935
1157,23992
1157,24050
1158,24111
1158,24172
1159,24233
1159,24293
1160,24354
1160,24415
1161,24475
1161,24534
1162,24593
1162,24653
1163,24713
1163,24774
1164,24832
1164,24890
1165,24950
1165,25008
1166,25064
1166,25123
1001,10024
1002,10053
1002,10082
1003,10111
1003,10140
1004,10169
1004,10198
1005,10227
1005,10256
1006,10285
1006,10314
1007,10343
1007,10372
1008,10401
1008,10430
1009,10459
1009,10488
1010,10517
1010,10546
1011,10575
1011,10604
1012,10633
1012,10662
1013,10691
1013,10720
1014,10749
1014,10778
1015,10807
1015,10836
1016,10865
1016,10894
1017,10923
1017,10952
1018,10981
1018,11010
1019,11039
1019,11068
1020,11097
1020,11126
1021,11155
1021,11184
1022,11213
1022,11242
1023,11271
1023,11300
1024,11329
1024,11358
1025,11387
1025,11416
1026,11445
1026,11474
1027,11503
1027,11532
1028,11561
1028,11590
1029,11619
1029,11648
1030,11677
1030,11706
1031,11735
1031,11764
1032,11793
1032,11822
1033,11851
1033,11880
1034,11909
1034,11938
1035,11967
1036,11996
1036,12025
1037,12054
1037,12083
1038,12112
1038,12141
1039,12170
1039,12199
1040,12228
1040,12257
1041,12286
1042,12315
1042,12344
1043,12373
1043,12402
1044,12431
1044,12460
1045,12489
1045,12518
1046,12547
1047,12576
1047,12605
1048,12634
1048,12663
1049,12692
1049,12721
1050,12750
1050,12779
1051,12808
1051,12837
1052,12866
1052,12895
1053,12924
1053,12953
1054,12982
1054,13011
1055,13040
1055,13069
1056,13098
1056,13127
1057,13156
1058,13185
1058,13214
1059,13243
1059,13272
1060,13301
1060,13330
1061,13359
1061,13388
1062,13417
1062,13446
1063,13475
1063,13504
1064,13533
1064,13562
1065,13591
1065,13620
1066,13649
1066,13678
1067,13707
1067,13736
1068,13765
1068,13794
1069,13823
1069,13852
1070,13881
1070,13910
1071,13939
1071,13968
1072,13997
1072,14026
1073,14055
1073,14084
1074,14113
1074,14142
1075,14173
1075,14234
1076,14293
1076,14352
1077,14410
1077,14468
1078,14527
1078,14588
1079,14649
1079,14710
1080,14769
1080,14830
1081,14891
1081,14951
1082,15012
1082,15073
1083,15134
1083,15195
1084,15256
1084,15315
1085,15374
1085,15435
1086,15494
1086,15553
1087,15614
1087,15675
1088,15736
1088,15797
1089,15858
1089,15919
1090,15978
1090,16038
1091,16098
1091,16158
1092,16215
1092,16272
1093,16331
1093,16391
1094,16452
1094,16513
1095,16574
1095,16634
1096,16695
1096,16756
1097,16816
1097,16875
1098,16935
1098,16996
1099,17056
1099,17116
1100,17177
1100,17238
1101,17298
1101,17357
1102,17416
1102,17476
1103,17537
1103,17598
1104,17659
1104,17720
1105,17778
1105,17835
1106,17895
1106,17956
1107,18014
1107,18073
1108,18134
1108,18195
1109,18256
1109,18316
1110,18376
1110,18437
1111,18496
1111,18554
1112,18613
1112,18672
1113,18733
1113,18794
1114,18854
1114,18913
1115,18974
1115,19034
1116,19092
1116,19151
1117,19211
1117,19271
1118,19328
1118,19388
1119,19448
1119,19509
1120,19569
1120,19629
1121,19690
1121,19751
1122,19812
1122,19873
1123,19934
1123,19995
1124,20054
1124,20113
1125,20171
1125,20230
1126,20291
1126,20352
1127,20410
1127,20467
1128,20524
1128,20583
1129,20644
1129,20705
1130,20766
1130,20826
1131,20886
1131,20947
1132,21007
1132,21067
1133,21126
1133,21185
1134,21243
1134,21301
1135,21360
1135,21421
1136,21479
1136,21538
1137,21599
1137,21659
1138,21719
1138,21779
1139,21839
1139,21900
1140,21960
1140,22018
1141,22077
1141,22137
1142,22196
1142,22255
1143,22316
1143,22377
1144,22436
1144,22495
1145,22555
1145,22614
1146,22673
1146,22734
1147,22795
1147,22856
1148,22917
1148,22978
1149,23039
1149,23100
1150,23160
1150,23220
1151,23281
1151,23342
1152,23402
1152,23462
1153,23518
1153,23577
1154,23638
1154,23698
1155,23757
1155,23816
1156,23876
1156,23936
1157,23993
1157,24051
1158,24112
1158,24173
1159,24234
1159,24294
1160,24355
1160,24416
1161,24476
1161,24535
1162,24594
1162,24654
1163,24714
1163,24775
1164,24833
1164,24891
1165,24951
1165,25009
1166,25065
1166,25124
1001,10025
1002,10054
1002,10083
1003,10112
1003,10141
1004,10170
1004,10199
1005,10228
1005,10257
1006,10286
1006,10315
1007,10344
1007,10373
1008,10402
1008,10431
1009,10460
1009,10489
1010,10518
1010,10547
1011,10576
1011,10605
1012,10634
1012,10663
1013,10692
1013,10721
1014,10750
1014,10779
1015,10808
1015,10837
1016,10866
1016,10895
1017,10924
1017,10953
1018,10982
1018,11011
1019,11040
1019,11069
1020,11098
1020,11127
1021,11156
1021,11185
1022,11214
1022,11243
1023,11272
1023,11301
1024,11330
1024,11359
1025,11388
1025,11417
1026,11446
1026,11475
1027,11504
1027,11533
1028,11562
1028,11591
1029,11620
1029,11649
1030,11678
1030,11707
1031,11736
1031,11765
1032,11794
1032,11823
1033,11852
1033,11881
1034,11910
1034,11939
1035,11968
1036,11997
1036,12026
1037,12055
1037,12084
1038,12113
1038,12142
1039,12171
1039,12200
1040,12229
1040,12258
1041,12287
1042,12316
1042,12345
1043,12374
1043,12403
1044,12432
1044,12461
1045,12490
1045,12519
1046,12548
1047,12577
1047,12606
1048,12635
1048,12664
1049,12693
1049,12722
1050,12751
1050,12780
1051,12809
1051,12838
1052,12867
1052,12896
1053,12925
1053,12954
1054,12983
1054,13012
1055,13041
1055,13070
1056,13099
1056,13128
1057,13157
1058,13186
1058,13215
1059,13244
1059,13273
1060,13302
1060,13331
1061,13360
1061,13389
1062,13418
1062,13447
1063,13476
1063,13505
1064,13534
1064,13563
1065,13592
1065,13621
1066,13650
1066,13679
1067,13708
1067,13737
1068,13766
1068,13795
1069,13824
1069,13853
1070,13882
1070,13911
1071,13940
1071,13969
1072,13998
1072,14027
1073,14056
1073,14085
1074,14114
1074,14143
1075,14204
1075,14265
1076,14324
1076,14383
1077,14440
1077,14497
1078,14558
1078,14619
1079,14680
1079,14741
1080,14800
1080,14861
1081,14922
1081,14982
1082,15043
1082,15104
1083,15165
1083,15226
1084,15285
1084,15344
1085,15405
1085,15466
1086,15525
1086,15584
1087,15645
1087,15706
1088,15767
1088,15828
1089,15889
1089,15950
1090,16009
1090,16068
1091,16128
1091,16188
1092,16244
1092,16302
1093,16362
1093,16422
1094,16483
1094,16544
1095,16604
1095,16665
1096,16726
1096,16787
1097,16846
1097,16905
1098,16966
1098,17026
1099,17086
1099,17147
1100,17208
1100,17269
1101,17328
1101,17387
1102,17447
1102,17507
1103,17568
1103,17629
1104,17690
1104,17751
1105,17808
1105,17865
1106,17926
1106,17987
1107,18045
1107,18104
1108,18165
1108,18226
1109,18287
1109,18346
1110,18407
1110,18468
1111,18526
1111,18585
1112,18644
1112,18703
1113,18764
1113,18825
1114,18885
1114,18944
1115,19004
1115,19064
1116,19122
1116,19182
1117,19242
1117,19299
1118,19359
1118,19419
1119,19479
1119,19540
1120,19600
1120,19660
1121,19721
1121,19782
1122,19843
1122,19904
1123,19965
1123,20025
1124,20084
1124,20143
1125,20202
1125,20261
1126,20322
1126,20383
1127,20440
1127,20496
1128,20555
1128,20614
1129,20675
1129,20736
1130,20796
1130,20857
1131,20917
1131,20978
1132,21037
1132,21097
1133,21156
1133,21215
1134,21273
1134,21331
1135,21391
1135,21452
1136,21510
1136,21569
1137,21629
1137,21689
1138,21749
1138,21809
1139,21870
1139,21931
1140,21989
1140,22048
1141,22108
1141,22168
1142,22227
1142,22286
1143,22347
1143,22408
1144,22467
1144,22526
1145,22585
1145,22643
1146,22704
1146,22765
1147,22826
1147,22887
1148,22948
1148,23009
1149,23070
1149,23131
1150,23191
1150,23251
1151,23312
1151,23372
1152,23433
1152,23490
1153,23549
1153,23608
1154,23669
1154,23728
1156,23907
1156,23966
1157,24024
1157,24082
1158,24143
1158,24204
1159,24265
1159,24325
1160,24386
1160,24447
1161,24506
1161,24565
1162,24624
1162,24684
1163,24745
1163,24806
1164,24863
1164,24921
1165,24979
1165,25037
1166,25096
1166,25153
1001,10026
1002,10055
1002,10084
1003,10113
1003,10142
1004,10171
1004,10200
1005,10229
1005,10258
1006,10287
1006,10316
1007,10345
1007,10374
1008,10403
1008,10432
1009,10461
1009,10490
1010,10519
1010,10548
1011,10577
1011,10606
1012,10635
1012,10664
1013,10693
1013,10722
1014,10751
1014,10780
1015,10809
1015,10838
1016,10867
1016,10896
1017,10925
1017,10954
1018,10983
1018,11012
1019,11041
1019,11070
1020,11099
1020,11128
1021,11157
1021,11186
1022,11215
1022,11244
1023,11273
1023,11302
1024,11331
1024,11360
1025,11389
1025,11418
1026,11447
1026,11476
1027,11505
1027,11534
1028,11563
1028,11592
1029,11621
1029,11650
1030,11679
1030,11708
1031,11737
1031,11766
1032,11795
1032,11824
1033,11853
1033,11882
1034,11911
1034,11940
1035,11969
1036,11998
1036,12027
1037,12056
1037,12085
1038,12114
1038,12143
1039,12172
1039,12201
1040,12230
1040,12259
1041,12288
1042,12317
1042,12346
1043,12375
1043,12404
1044,12433
1044,12462
1045,12491
1045,12520
1046,12549
1047,12578
1047,12607
1048,12636
1048,12665
1049,12694
1049,12723
1050,12752
1050,12781
1051,12810
1051,12839
1052,12868
1052,12897
1053,12926
1053,12955
1054,12984
1054,13013
1055,13042
1055,13071
1056,13100
1056,13129
1057,13158
1058,13187
1058,13216
1059,13245
1059,13274
1060,13303
1060,13332
1061,13361
1061,13390
1062,13419
1062,13448
1063,13477
1063,13506
1064,13535
1064,13564
1065,13593
1065,13622
1066,13651
1066,13680
1067,13709
1067,13738
1068,13767
1068,13796
1069,13825
1069,13854
1070,13883
1070,13912
1071,13941
1071,13970
1072,13999
1072,14028
1073,14057
1073,14086
1074,14115
1074,14144
1075,14208
1075,14269
1076,14328
1076,14387
1077,14444
1077,14501
1078,14562
1078,14623
1079,14684
1079,14745
1080,14804
1080,14865
1081,14926
1081,14986
1082,15047
1082,15108
1083,15169
1083,15230
1084,15289
1084,15348
1085,15409
1085,15470
1086,15529
1086,15588
1087,15649
1087,15710
1088,15771
1088,15832
1089,15893
1089,15954
1090,16013
1090,16072
1091,16132
1091,16192
1092,16248
1092,16306
1093,16366
1093,16426
1094,16487
1094,16548
1095,16608
1095,16669
1096,16730
1096,16791
1097,16850
1097,16909
1098,16970
1098,17030
1099,17090
1099,17151
1100,17212
1100,17273
1101,17332
1101,17391
1102,17451
1102,17511
1103,17572
1103,17633
1104,17694
1104,17755
1105,17812
1105,17869
1106,17930
1106,17991
1107,18049
1107,18108
1108,18169
1108,18230
1109,18291
1109,18350
1110,18411
1110,18472
1111,18530
1111,18589
1112,18648
1112,18707
1113,18768
1113,18829
1114,18889
1114,18948
1115,19008
1115,19068
1116,19126
1116,19186
1117,19246
1117,19303
1118,19363
1118,19423
1119,19483
1119,19544
1120,19604
1120,19664
1121,19725
1121,19786
1122,19847
1122,19908
1123,19969
1123,20029
1124,20088
1124,20147
1125,20206
1125,20265
1126,20326
1126,20387
1127,20444
1127,20500
1128,20559
1128,20618
1129,20679
1129,20740
1130,20800
1130,20861
1131,20921
1131,20982
1132,21041
1132,21101
1133,21160
1133,21219
1134,21277
1134,21335
1135,21395
1135,21456
1136,21514
1136,21573
1137,21633
1137,21693
1138,21753
1138,21813
1139,21874
1139,21935
1140,21993
1140,22052
1141,22112
1141,22172
1142,22231
1142,22290
1143,22351
1143,22412
1144,22471
1144,22530
1145,22589
1145,22647
1146,22708
1146,22769
1147,22830
1147,22891
1148,22952
1148,23013
1149,23074
1149,23135
1150,23195
1150,23255
1151,23316
1151,23376
1152,23437
1152,23494
1153,23553
1153,23612
1154,23673
1154,23732
1155,23791
1155,23850
1156,23911
1156,23970
1157,24028
1157,24086
1158,24147
1158,24208
1159,24269
1159,24329
1160,24390
1160,24451
1161,24510
1161,24569
1162,24628
1162,24688
1163,24749
1163,24810
1164,24867
1164,24925
1165,24983
1165,25041
1166,25100
1166,25157
1001,10027
1002,10056
1002,10085
1003,10114
1003,10143
1004,10172
1004,10201
1005,10230
1005,10259
1006,10288
1006,10317
1007,10346
1007,10375
1008,10404
1008,10433
1009,10462
1009,10491
1010,10520
1010,10549
1011,10578
1011,10607
1012,10636
1012,10665
1013,10694
1013,10723
1014,10752
1014,10781
1015,10810
1015,10839
1016,10868
1016,10897
1017,10926
1017,10955
1018,10984
1018,11013
1019,11042
1019,11071
1020,11100
1020,11129
1021,11158
1021,11187
1022,11216
1022,11245
1023,11274
1023,11303
1024,11332
1024,11361
1025,11390
1025,11419
1026,11448
1026,11477
1027,11506
1027,11535
1028,11564
1028,11593
1029,11622
1029,11651
1030,11680
1030,11709
1031,11738
1031,11767
1032,11796
1032,11825
1033,11854
1033,11883
1034,11912
1034,11941
1035,11970
1036,11999
1036,12028
1037,12057
1037,12086
1038,12115
1038,12144
1039,12173
1039,12202
1040,12231
1040,12260
1041,12289
1042,12318
1042,12347
1043,12376
1043,12405
1044,12434
1044,12463
1045,12492
1045,12521
1046,12550
1047,12579
1047,12608
1048,12637
1048,12666
1049,12695
1049,12724
1050,12753
1050,12782
1051,12811
1051,12840
1052,12869
1052,12898
1053,12927
1053,12956
1054,12985
1054,13014
1055,13043
1055,13072
1056,13101
1056,13130
1057,13159
1058,13188
1058,13217
1059,13246
1059,13275
1060,13304
1060,13333
1061,13362
1061,13391
1062,13420
1062,13449
1063,13478
1063,13507
1064,13536
1064,13565
1065,13594
1065,13623
1066,13652
1066,13681
1067,13710
1067,13739
1068,13768
1068,13797
1069,13826
1069,13855
1070,13884
1070,13913
1071,13942
1071,13971
1072,14000
1072,14029
1073,14058
1073,14087
1074,14116
1074,14145
1075,14175
1075,14236
1076,14295
1076,14354
1078,14529
1078,14590
1079,14651
1079,14712
1080,14771
1080,14832
1081,14893
1081,14953
1082,15014
1082,15075
1083,15136
1083,15197
1084,15258
1084,15317
1085,15376
1085,15437
1086,15496
1086,15555
1087,15616
1087,15677
1088,15738
1088,15799
1089,15860
1089,15921
1090,15980
1090,16040
1091,16100
1091,16160
1092,16217
1092,16274
1093,16333
1093,16393
1094,16454
1094,16515
1095,16576
1095,16636
1096,16697
1096,16758
1097,16817
1097,16876
1098,16937
1098,16998
1099,17058
1099,17118
1100,17179
1100,17240
1101,17300
1101,17359
1102,17418
1102,17478
1103,17539
1103,17600
1104,17661
1104,17722
1105,17780
1105,17837
1106,17897
1106,17958
1107,18016
1107,18075
1108,18136
1108,18197
1109,18258
1109,18318
1110,18378
1110,18439
1111,18498
1111,18556
1112,18615
1112,18674
1113,18735
1113,18796
1114,18856
1114,18915
1115,18975
1115,19035
1116,19094
1116,19153
1117,19213
1117,19273
1118,19330
1118,19390
1119,19450
1119,19511
1120,19571
1120,19631
1121,19692
1121,19753
1122,19814
1122,19875
1123,19936
1123,19997
1124,20056
1124,20115
1125,20173
1125,20232
1126,20293
1126,20354
1127,20412
1127,20469
1128,20526
1128,20585
1129,20646
1129,20707
1130,20768
1130,20828
1131,20888
1131,20949
1133,21128
1133,21187
1134,21245
1134,21303
1135,21362
1135,21423
1136,21481
1136,21540
1137,21601
1137,21661
1138,21721
1138,21781
1139,21841
1139,21902
1140,21962
1140,22020
1141,22079
1141,22139
1142,22198
1142,22257
1143,22318
1143,22379
1144,22438
1144,22497
1145,22556
1145,22615
1146,22675
1146,22736
1147,22797
1147,22858
1148,22919
1148,22980
1149,23041
1149,23102
1150,23162
1150,23222
1151,23283
1151,23344
1152,23404
1152,23464
1153,23520
1153,23579
1154,23640
1154,23700
1155,23759
1155,23818
1156,23878
1156,23938
1157,23995
1157,24053
1158,24114
1158,24175
1159,24236
1159,24296
1160,24357
1160,24418
1161,24478
1161,24537
1162,24595
1162,24655
1163,24716
1163,24777
1164,24835
1164,24893
1165,24952
1165,25010
1166,25067
1166,25126
1001,10028
1002,10057
1002,10086
1003,10115
1003,10144
1004,10173
1004,10202
1005,10231
1005,10260
1006,10289
1006,10318
1007,10347
1007,10376
1008,10405
1008,10434
1009,10463
1009,10492
1010,10521
1010,10550
1011,10579
1011,10608
1012,10637
1012,10666
1013,10695
1013,10724
1014,10753
1014,10782
1015,10811
1015,10840
1016,10869
1016,10898
1017,10927
1017,10956
1018,10985
1018,11014
1019,11043
1019,11072
1020,11101
1020,11130
1021,11159
1021,11188
1022,11217
1022,11246
1023,11275
1023,11304
1024,11333
1024,11362
1025,11391
1025,11420
1026,11449
1026,11478
1027,11507
1027,11536
1028,11565
1028,11594
1029,11623
1029,11652
1030,11681
1030,11710
1031,11739
1031,11768
1032,11797
1032,11826
1033,11855
1033,11884
1034,11913
1034,11942
1035,11971
1036,12000
1036,12029
1037,12058
1037,12087
1038,12116
1038,12145
1039,12174
1039,12203
1040,12232
1040,12261
1041,12290
1042,12319
1042,12348
1043,12377
1043,12406
1044,12435
1044,12464
1045,12493
1045,12522
1046,12551
1047,12580
1047,12609
1048,12638
1048,12667
1049,12696
1049,12725
1050,12754
1050,12783
1051,12812
1051,12841
1052,12870
1052,12899
1053,12928
1053,12957
1054,12986
1054,13015
1055,13044
1055,13073
1056,13102
1056,13131
1057,13160
1058,13189
1058,13218
1059,13247
1059,13276
1060,13305
1060,13334
1061,13363
1061,13392
1062,13421
1062,13450
1063,13479
1063,13508
1064,13537
1064,13566
1065,13595
1065,13624
1066,13653
1066,13682
1067,13711
1067,13740
1068,13769
1068,13798
1069,13827
1069,13856
1070,13885
1070,13914
1071,13943
1071,13972
1072,14001
1072,14030
1073,14059
1073,14088
1074,14117
1074,14146
1075,14176
1075,14237
1076,14296
1076,14355
1077,14412
1077,14469
1078,14530
1078,14591
1079,14652
1079,14713
1080,14772
1080,14833
1081,14894
1081,14954
1082,15015
1082,15076
1083,15137
1083,15198
1084,15259
1084,15318
1085,15377
1085,15438
1086,15497
1086,15556
1087,15617
1087,15678
1088,15739
1088,15800
1089,15861
1089,15922
1090,15981
1090,16041
1091,16101
1091,16161
1092,16218
1092,16275
1093,16334
1093,16394
1094,16455
1094,16516
1095,16577
1095,16637
1096,16698
1096,16759
1097,16818
1097,16877
1098,16938
1098,16999
1099,17059
1099,17119
1100,17180
1100,17241
1101,17301
1101,17360
1102,17419
1102,17479
1103,17540
1103,17601
1104,17662
1104,17723
1105,17781
1105,17838
1106,17898
1106,17959
1107,18017
1107,18076
1108,18137
1108,18198
1109,18259
1109,18319
1110,18379
1110,18440
1111,18499
1111,18557
1112,18616
1112,18675
1113,18736
1113,18797
1114,18857
1114,18916
1115,18976
1115,19036
1116,19095
1116,19154
1117,19214
1117,19274
1118,19331
1118,19391
1119,19451
1119,19512
1120,19572
1120,19632
1121,19693
1121,19754
1122,19815
1122,19876
1123,19937
1123,19998
1124,20057
1124,20116
1125,20174
1125,20233
1126,20294
1126,20355
1127,20413
1127,20470
1128,20527
1128,20586
1129,20647
1129,20708
1130,20769
1130,20829
1131,20889
1131,20950
1132,21009
1132,21069
1133,21129
1133,21188
1134,21246
1134,21304
1135,21363
1135,21424
1136,21482
1136,21541
1137,21602
1137,21662
1138,21722
1138,21782
1139,21842
1139,21903
1140,21963
1140,22021
1141,22080
1141,22140
1142,22199
1142,22258
1143,22319
1143,22380
1144,22439
1144,22498
1145,22557
1145,22616
1146,22676
1146,22737
1147,22798
1147,22859
1148,22920
1148,22981
1149,23042
1149,23103
1150,23163
1150,23223
1151,23284
1151,23345
1152,23405
1152,23465
1153,23521
1153,23580
1154,23641
1154,23701
1155,23760
1155,23819
1156,23879
1156,23939
1157,23996
1157,24054
1158,24115
1158,24176
1159,24237
1159,24297
1160,24358
1160,24419
1161,24479
1161,24538
1162,24596
1162,24656
1163,24717
1163,24778
1164,24836
1164,24894
1165,24953
1165,25011
1166,25068
1166,25127
1001,10029
1002,10058
1002,10087
1003,10116
1003,10145
1004,10174
1004,10203
1005,10232
1005,10261
1006,10290
1006,10319
1007,10348
1007,10377
1008,10406
1008,10435
1009,10464
1009,10493
1010,10522
1010,10551
1011,10580
1011,10609
1012,10638
1012,10667
1013,10696
1013,10725
1014,10754
1014,10783
1015,10812
1015,10841
1016,10870
1016,10899
1017,10928
1017,10957
1018,10986
1018,11015
1019,11044
1019,11073
1020,11102
1020,11131
1021,11160
1021,11189
1022,11218
1022,11247
1023,11276
1023,11305
1024,11334
1024,11363
1025,11392
1025,11421
1026,11450
1026,11479
1027,11508
1027,11537
1028,11566
1028,11595
1029,11624
1029,11653
1030,11682
1030,11711
1031,11740
1031,11769
1032,11798
1032,11827
1033,11856
1033,11885
1034,11914
1034,11943
1035,11972
1036,12001
1036,12030
1037,12059
1037,12088
1038,12117
1038,12146
1039,12175
1039,12204
1040,12233
1040,12262
1041,12291
1042,12320
1042,12349
1043,12378
1043,12407
1044,12436
1044,12465
1045,12494
1045,12523
1046,12552
1047,12581
1047,12610
1048,12639
1048,12668
1049,12697
1049,12726
1050,12755
1050,12784
1051,12813
1051,12842
1052,12871
1052,12900
1053,12929
1053,12958
1054,12987
1054,13016
1055,13045
1055,13074
1056,13103
1056,13132
1057,13161
1058,13190
1058,13219
1059,13248
1059,13277
1060,13306
1060,13335
1061,13364
1061,13393
1062,13422
1062,13451
1063,13480
1063,13509
1064,13538
1064,13567
1065,13596
1065,13625
1066,13654
1066,13683
1067,13712
1067,13741
1068,13770
1068,13799
1069,13828
1069,13857
1070,13886
1070,13915
1071,13944
1071,13973
1072,14002
1072,14031
1073,14060
1073,14089
1074,14118
1074,14147
1075,14177
1075,14238
1076,14297
1076,14356
1077,14413
1077,14470
1078,14531
1078,14592
1079,14653
1079,14714
1080,14773
1080,14834
1081,14895
1081,14955
1082,15016
1082,15077
1083,15138
1083,15199
1084,15260
1084,15319
1085,15378
1085,15439
1086,15498
1086,15557
1087,15618
1087,15679
1088,15740
1088,15801
1089,15862
1089,15923
1090,15982
1090,16042
1091,16102
1091,16162
1092,16219
1092,16276
1093,16335
1093,16395
1094,16456
1094,16517
1095,16578
1095,16638
1096,16699
1096,16760
1097,16819
1097,16878
1098,16939
1098,17000
1099,17060
1099,17120
1100,17181
1100,17242
1101,17302
1101,17361
1102,17420
1102,17480
1103,17541
1103,17602
1104,17663
1104,17724
1105,17782
1105,17839
1106,17899
1106,17960
1107,18018
1107,18077
1108,18138
1108,18199
1109,18260
1109,18320
1110,18380
1110,18441
1111,18500
1111,18558
1112,18617
1112,18676
1113,18737
1113,18798
1114,18858
1114,18917
1115,18977
1115,19037
1116,19096
1116,19155
1117,19215
1117,19275
1118,19332
1118,19392
1119,19452
1119,19513
1120,19573
1120,19633
1121,19694
1121,19755
1122,19816
1122,19877
1123,19938
1123,19999
1124,20058
1124,20117
1125,20175
1125,20234
1126,20295
1126,20356
1127,20414
1127,20471
1128,20528
1128,20587
1129,20648
1129,20709
1130,20770
1130,20830
1131,20890
1131,20951
1132,21010
1132,21070
1133,21130
1133,21189
1134,21247
1134,21305
1135,21364
1135,21425
1136,21483
1136,21542
1137,21603
1137,21663
1138,21723
1138,21783
1139,21843
1139,21904
1140,21964
1140,22022
1141,22081
1141,22141
1142,22200
1142,22259
1143,22320
1143,22381
1144,22440
1144,22499
1145,22558
1145,22617
1146,22677
1146,22738
1147,22799
1147,22860
1148,22921
1148,22982
1149,23043
1149,23104
1150,23164
1150,23224
1151,23285
1151,23346
1152,23406
1152,23466
1153,23522
1153,23581
1154,23642
1154,23702
1155,23761
1155,23820
1156,23880
1156,23940
1157,23997
1157,24055
1158,24116
1158,24177
1159,24238
1159,24298
1160,24359
1160,24420
1161,24480
1161,24539
1162,24597
1162,24657
1163,24718
1163,24779
1164,24837
1164,24895
1165,24954
1165,25012
1166,25069
1166,25128
